pert_id,pert_iname,is_positive_control,canonical_smiles,senmayo_mean_z,reversal_score,gps_discrete_score,gps_continuous_score
BRD-K49328571,dasatinib,True,Cc1nc(Nc2ncc(s2)C(=O)Nc2c(C)cccc2Cl)cc(n1)N1CCN(CCO)CC1,-0.026086066,3.1780088,-0.0,-0.16073297
BRD-A50287119,sirolimus,True,CO[C@@H]1C[C@H](CC(C)[C@@H]2CC(=O)[C@H](C)\C=C(C)\[C@@H](O)[C@@H](OC)C(=O)[C@H](C)C[C@H](C)\C=C\C=C\C=C(C)\[C@H](C[C@@H]3CC[C@@H](C)[C@@](O)(O3)C(=O)C(=O)N3CCCC[C@H]3C(=O)O2)OC)CC[C@H]1O,0.031345222,0.90943396,-0.24390243902439024,-0.60959756
BRD-K02130563,panobinostat,True,Cc1[nH]c2ccccc2c1CCNCc1ccc(\C=C\C(=O)NO)cc1,0.13355018,0.6734529,-0.016260162601626018,-0.11890152
BRD-K81418486,vorinostat,True,ONC(=O)CCCCCCC(=O)Nc1ccccc1,0.042246997,0.056645487,-0.0,-0.1364149
BRD-K82746043,navitoclax,True,CC1(C)CCC(=C(CN2CCN(CC2)c2ccc(cc2)C(=O)NS(=O)(=O)c2ccc(N[C@H](CCN3CCOCC3)CSc3ccccc3)c(c2)S(=O)(=O)C(F)(F)F)C1)c1ccc(Cl)cc1,0.013886101,-0.17124587,-0.0,-0.059181966
BRD-K97399794,quercetin,True,Oc1cc(O)c2c(c1)oc(-c1ccc(O)c(O)c1)c(O)c2=O,0.061009582,-1.4758303,-0.16260162601626016,-0.5804163
BRD-K51750373,BRD-K51750373,False,CN(C)C(=O)c1cccc(c1)-c1ccc(cc1)[C@@H]1[C@@H](CO)N2CCCCN(Cc3cccnc3)C[C@@H]12,0.18538447,-2.3200197,-0.0,-0.14886393
BRD-K92627732,BRD-K92627732,False,COc1ccc(cc1)c2cnc3O[C@H](CN(C)C(=O)C4CCCCC4)[C@H](C)CN([C@H](C)CO)C(=O)c3c2,-0.0134483185,-1.1807462,-0.0,-0.09871512
BRD-K76764002,BRD-K76764002,False,OC[C@@H]1[C@@H]([C@H]2CN(CCCCN12)C(=O)NC1CCCC1)c1ccc(cc1)-c1cccnc1,-0.097734466,0.67396325,-0.0,-0.1646045
BRD-K86201813,BRD-K86201813,False,Cc1ccccc1-c1ccc(cc1)[C@@H]1[C@H]2CN(C[C@@H]1N2)C(=O)c1cnccn1,0.020624215,-1.5721245,-0.0,-0.08620888
BRD-K63947990,BRD-K63947990,False,C[C@@H](NC(=O)C[C@@H]1CC[C@@H]2[C@H](COC[C@H](O)CN2Cc2ccc(cc2)C(F)(F)F)O1)c1ccccc1,0.0009979336,-2.0156674,-0.0,-0.055085965
BRD-K22630074,BRD-K22630074,False,CN(C)CCCNC(=O)C[C@@H]1CC[C@@H]2[C@@H](COc3ccc(NS(C)(=O)=O)cc3C(=O)N2C)O1,-0.088157944,2.284946,-0.0,-0.027980553
BRD-K34673904,BRD-K34673904,False,CNC[C@@H]1Oc2ccc(NS(=O)(=O)c3ccccc3)cc2CC(=O)N(C[C@H]1C)[C@H](C)CO,0.062095184,-1.0015861,-0.0,0.006941368
BRD-K03842655,penitrem-a,False,CC(=C)[C@H]1O[C@H]2CC[C@]3(C)[C@]4(C)[C@@H](CC[C@@]3(O)[C@@]52O[C@@H]5[C@H]1O)[C@@H]6OC(C)(C)[C@H]7C[C@@H]8C(=C)Cc9c(Cl)cc%10[nH]c4c6c%10c9[C@@]87O,0.045474082,-1.4221203,-0.0975609756097561,-0.45105168
BRD-K41763112,BRD-K41763112,False,CC(C)NC(=O)N(C)C[C@H]1OCCCC[C@H](C)Oc2ccc(cc2C(=O)N(C[C@H]1C)[C@H](C)CO)N(C)C,0.03261042,-0.8314864,-0.0,-0.03076408
BRD-K38787519,BRD-K38787519,False,CO[C@@H]1CC[C@H]2CCN(C)C(=O)[C@H](C)CN(C)C(=O)c3cc(ccc3OC[C@H]1O2)C#N,-0.028688677,0.5171891,-0.0,0.0024539533
BRD-K06902185,minoxidil,False,Nc1cc(nc(N)[n+]1[O-])N1CCCCC1,0.03127483,-4.570003,-0.0,0.027108643
BRD-K01966678,BRD-K01966678,False,Cc1cccc(c1)-c1ccc(cc1)[C@@H]1[C@H](CO)N2CCCCN(C[C@H]12)S(=O)(=O)c1ccccc1F,-0.05157774,1.1301967,-0.0,0.053017702
BRD-K89152108,liothyronine,False,N[C@@H](Cc1cc(I)c(Oc2ccc(O)c(I)c2)c(I)c1)C(O)=O,-0.016001472,-0.083159074,-0.0,0.0071164835
BRD-A90515964,guaifenesin,False,COc1ccccc1OCC(O)CO,-0.06418745,1.6626784,-0.0,0.01053371
BRD-K69803214,BRD-K69803214,False,OC[C@H]1[C@H]2[C@H](CN(C(=O)c3ccc4OCOc4c3)c3ccccc23)N1C(=O)CC1CC1,-0.09459278,1.2712814,-0.0,-0.19595158
BRD-K88849270,BRD-K88849270,False,C[C@H](CO)N1C[C@@H](C)[C@@H](CN(C)C(=O)c2cnccn2)Oc3ncc(C#CCN(C)C)cc3C1=O,0.07004437,-2.4509172,-0.0,-0.1673093
BRD-K01576758,BRD-K01576758,False,COc1ccc(cc1)C(=O)N1C[C@@H]2[C@@H]([C@H](CO)N2Cc2ccc(Cl)cc2)c2ccccc12,0.027111635,-1.5066268,-0.0,-0.119455375
BRD-K62473229,BRD-K62473229,False,O[C@H]1COC[C@@H]2O[C@H](CC(=O)NCc3ccc(Cl)c(Cl)c3)CC[C@H]2N(C1)C(=O)c1ccccc1F,-0.00012993629,-0.87932867,-0.0,-0.1843233
BRD-K54978501,pivmecillinam,False,CC(C)(C)C(=O)OCOC(=O)[C@@H]1N2[C@@H](SC1(C)C)[C@H](N=CN1CCCCCC1)C2=O,-0.21094514,4.271975,0.008130081300813009,0.09445795
BRD-K13087974,CGP-52411,False,O=C1NC(=O)c2cc(Nc3ccccc3)c(Nc3ccccc3)cc12,-0.015474139,0.7845299,-0.016260162601626018,-0.39956716
BRD-K08884733,BRD-K08884733,False,CN1[C@@H](CO)[C@@H]2CCN([C@@H]2c2cc(ccc12)-c1cccc(F)c1)C(=O)Cc1cccnc1,0.07248789,-1.6666713,-0.0,-0.14362678
BRD-K99149118,BRD-K99149118,False,O[C@H]1COC[C@H]2O[C@@H](CC(=O)NCc3ccc(Oc4ccccc4)cc3)CC[C@@H]2N(CCC(F)(F)F)C1,0.028616806,-0.87395906,-0.0,-0.17939697
BRD-K81524996,BRD-K81524996,False,COc1ccc2c3c([C@@H](CO)NC[C@]33CCN(Cc4ccccc4F)CC3)n(C)c2c1,0.1729358,-2.690768,-0.0,-0.2631884
BRD-M16762496,PIK-75,False,CN(\N=C\c1cnc2ccc(Br)cn12)S(=O)(=O)c1cc(ccc1C)[N+]([O-])=O,0.35207215,-0.56897634,0.22764227642276422,0.30873445
BRD-K83508485,FK-888,False,CN(Cc1ccccc1)C(=O)[C@H](Cc1ccc2ccccc2c1)NC(=O)[C@@H]1C[C@@H](O)CN1C(=O)c1cn(C)c2ccccc12,-0.033397213,1.0126039,-0.008130081300813009,-0.30302042
BRD-K38868394,MK-0773,False,CN1[C@@H]2CC[C@H]3[C@@H]4CC[C@H](C(=O)NCc5nc6cccnc6[nH]5)[C@@]4(C)CC[C@@H]3[C@@]2(C)C=C(F)C1=O,0.10607963,-5.9304395,-0.0,-0.011538047
BRD-K75486920,BRD-K75486920,False,CO[C@@H]1CN(C)C(=O)c2cc(NC(=O)C3CCOCC3)ccc2OC[C@H](C)N(Cc2cccnc2)C[C@H]1C,0.058228552,0.37787408,-0.016260162601626018,-0.34998378
BRD-A78971512,calcifediol,False,CC(CCCC(C)(C)O)C1CCC2C1(C)CCC\C2=C/C=C1/CC(O)CCC1=C,-0.011394017,2.109033,-0.0,-0.12444173
BRD-K71140693,BRD-K71140693,False,Fc1cccc(F)c1S(=O)(=O)N[C@H]2CC[C@H](CC2)NS(=O)(=O)c3ccc4OCCOc4c3,0.044955984,-0.4988384,-0.0,-0.065356135
BRD-K24390300,BRD-K24390300,False,COCC(=O)Nc1ccc2c(OC[C@H](C)N(CC3CC3)C[C@@H](C)[C@@H](CN(C)C2=O)OC)c1,0.0011155563,1.1530144,-0.04878048780487805,-0.48543125
BRD-K02265150,amoxapine,False,Clc1ccc2Oc3ccccc3N=C(N3CCNCC3)c2c1,0.03398368,-3.2954886,-0.0,-0.04505427
BRD-K94597513,BRD-K94597513,False,C[C@@H](CO)N1C[C@H](C)[C@H](CN(C)Cc2cccnc2)Oc3cc(ccc3S1(=O)=O)c4ccccc4F,0.3456612,-0.09318207,-0.0,0.03147912
BRD-K65716359,exifone,False,Oc1ccc(C(=O)c2cc(O)c(O)c(O)c2)c(O)c1O,-0.041957848,1.1459738,-0.0,0.011847884
BRD-K68584490,butyrolactone,False,CCC[C@@H]1OC(=O)C(=C)[C@H]1C(O)=O,0.022773013,0.5359979,-0.0,-0.08987192
BRD-K19657374,BRD-K19657374,False,CO[C@@H]1CN(C)C(=O)c2cc(NS(=O)(=O)c3cccc(F)c3)ccc2OC[C@@H](C)NC[C@H]1C,0.01961051,-0.84084857,-0.0,-0.09114543
BRD-K48059230,YM-298198,False,Cc1c(sc2nc3ccc(N)cc3n12)C(=O)NC1CCCCC1,-0.04016503,1.4120948,-0.0,0.014094043
BRD-K60257691,BRD-K60257691,False,C\C=C\c1ccc(cc1)[C@H]1[C@H](CO)N2[C@H]1CN(CC2=O)C(=O)c1ccncc1,-0.10805992,1.7623336,-0.0975609756097561,-0.4160502
BRD-K87888439,BRD-K87888439,False,CN(C)C(=O)c1ccc(cc1)-c1ccc(cc1)[C@@H]1[C@H]2CN(Cc3ccc4OCOc4c3)C[C@@H]1N2,0.11822262,-0.6766071,-0.0,-0.04930529
BRD-K36080978,BRD-K36080978,False,OC[C@@H]1[C@@H]([C@@H]2CNCC(=O)N12)c1ccc(cc1)-c1ccc(cc1)C#N,-0.075375915,-0.26594877,-0.0,0.021501554
BRD-K21421563,BRD-K21421563,False,COc1ccc(CN(C)C[C@H]2Oc3c(NS(=O)(=O)C)cccc3C(=O)N(C[C@H]2C)[C@@H](C)CO)cc1,-0.120274976,1.3102589,-0.0,-0.22343121
BRD-K02283603,BRD-K02283603,False,CC(C)NC(=O)Nc1ccc2O[C@@H](CN(C)C(=O)NC3CCCCC3)[C@H](C)CN([C@@H](C)CO)C(=O)Cc2c1,0.05835279,0.019092042,-0.0,0.010158945
BRD-K09255212,clioquinol,False,Oc1c(I)cc(Cl)c2cccnc12,-0.011261294,-1.7606937,-0.08130081300813008,-0.592324
BRD-K63602071,BRD-K63602071,False,OC[C@@H]1O[C@H](CC(=O)NCc2ccccc2)C[C@H]3[C@@H]1Oc4ccc(NC(=O)Nc5ccccc5)cc34,0.072876796,-0.15670255,-0.032520325203252036,-0.4525993
BRD-K97466946,BRD-K97466946,False,C[C@H](CO)N1C[C@H](C)[C@@H](CN(C)Cc2ccc(Cl)c(Cl)c2)OCCCC[C@H](C)Oc3ccc(NS(=O)(=O)c4ccc(F)cc4)cc3C1=O,0.14115396,-2.3059957,-0.024390243902439025,-0.3800519
BRD-K73082558,BRD-K73082558,False,Cc1ccccc1C(=O)N[C@H](C(=O)N1CCC[C@H]1C(=O)N[C@@H](CC(O)=O)C#N)C(C)(C)C,-0.091688946,0.6873391,-0.0,-0.009791264
BRD-K93054014,BRD-K93054014,False,COCC(=O)N1[C@@H](CO)[C@H]([C@@H]1C#N)c1ccc(cc1)-c1cccnc1,-0.059864428,1.3840125,-0.0,-0.055703085
BRD-K93338495,BRD-K93338495,False,Cn1cnc(c1)S(=O)(=O)N1CC[C@H]2[C@@H]1c1cc(ccc1N[C@H]2CO)C1=CCCCC1,0.09541992,-1.081838,-0.0,-0.04339126
BRD-K33750632,BRD-K33750632,False,COCCNC(=O)C[C@@H]1CC[C@@H](NC(=O)NC2CCCCC2)[C@@H](CO)O1,0.09018135,-1.0801988,-0.0,0.039788473
BRD-K81925854,clocortolone,False,C[C@@H]1C[C@@H]2[C@@H]3C[C@H](F)C4=CC(=O)C=C[C@]4(C)[C@@]3(Cl)[C@@H](O)C[C@]2(C)[C@H]1C(=O)COC(=O)C(C)(C)C,0.052758317,0.73375434,-0.0,0.07810381
BRD-K49738502,BRD-K49738502,False,C[C@H](CO)N1C[C@@H](C)[C@@H](CN(C)Cc2ccc3OCOc3c2)Oc4ccc(NC(=O)Cc5ccccc5)cc4C1=O,-0.10994325,1.9494826,-0.0,-0.04191582
BRD-K61984373,BRD-K61984373,False,COc1ccc(OC(=O)N(C)C[C@H]2OCc3cn(CCCC(=O)N(C[C@@H]2C)[C@@H](C)CO)nn3)cc1,0.15213272,-1.1514204,-0.0,-0.026064964
BRD-K55991774,BAS-09104376,False,Cc1ccc(/C=C(\C#N)/c2nc3ccc(C)cc3[nH]2)o1,-0.17733775,1.2397203,-0.0,-0.25532883
BRD-K81001086,cefsulodin,False,NC(=O)c1cc[n+](CC2=C(N3[C@H](SC2)[C@@H](NC(=O)[C@@H](c2ccccc2)S(O)(=O)=O)C3=O)C(O)=O)cc1,-0.07977182,1.3106171,-0.0,-0.07729536
BRD-K31112909,BRD-K31112909,False,CCC(=O)Nc1ccc2c(OC[C@H](C)N(C[C@@H](C)[C@@H](CN(C)C2=O)OC)C(=O)c2ccc(F)cc2)c1,-0.022289652,0.1488027,-0.08130081300813008,-0.45128095
BRD-K23744058,BRD-K23744058,False,CO[C@H](CN(C)C(=O)c1cnccn1)[C@@H](C)CN([C@@H](C)CO)S(=O)(=O)c1ccc(F)cc1,-0.15645128,1.0730579,-0.0,0.10053393
BRD-K23980805,BRD-K23980805,False,Brc1c[nH]c2nc(SCc3ccccc3C#N)nc2c1,0.021905253,1.0499028,-0.0,0.023092536
BRD-K15955205,BRD-K15955205,False,C[C@@H](NC(=O)C[C@H]1CC[C@@H]2[C@@H](COc3ccc(NS(=O)(=O)c4ccc(Cl)cc4)cc3C(=O)N2C)O1)c1ccccc1,-0.035448655,0.7864407,-0.0,-0.08761554
BRD-A81530502,BRD-A81530502,False,COc1ccc(cc1)/C(=N/N2C(Nc3ccccc3C2=O)c4ccccc4O)/C,0.11531449,-2.9251716,-0.14634146341463414,-0.5805161
BRD-K67174965,acetylcysteine,False,CC(=O)N[C@H](CS)C(O)=O,0.038617786,-3.3798923,-0.0,-0.014812835
BRD-A85712510,BRD-A85712510,False,FC(F)(F)c1ccc(cc1)S(=O)(=O)NC2CCN(C2)C#N,-0.005051821,-0.020240907,-0.0,-0.17808948
BRD-A39093044,K784-3187,False,COc1cccc(c1)N(C(C(=O)NCCc2ccccc2)c3cccs3)C(=O)CCl,0.3657877,-4.080561,0.016260162601626018,-0.05354917
BRD-K18152229,BRD-K18152229,False,CN1[C@@H]2CC[C@@H](CC(=O)NCCCN3CCOCC3)O[C@@H]2COc2ccc(NC(=O)Nc3ccccc3Cl)cc2C1=O,-0.086785235,1.1229123,-0.0,-0.1251477
BRD-K62732905,BRD-K62732905,False,Cc1nc(sc1C)N1[C@@H](CO)[C@@H]([C@@H]1C#N)c1ccccc1,-0.16979536,3.0125353,-0.0,-0.058737893
BRD-K36909552,BRD-K36909552,False,OC[C@H]1[C@H]([C@H]2CN(CC3CCOCC3)CCCCN12)c1ccc(cc1)-c1cccnc1,0.17803818,-2.2589018,-0.0,0.06200188
BRD-K67069164,BRD-K67069164,False,CC(C)NC(=O)Nc1ccc2O[C@H](C)CCCCO[C@@H](CN(C)C(=O)CCC(F)(F)F)[C@@H](C)CN([C@@H](C)CO)C(=O)c2c1,-0.056852967,0.31127983,-0.0,-0.07409161
BRD-K82823804,PD-407824,False,Oc1ccc2[nH]c3cc(c4C(=O)NC(=O)c4c3c2c1)-c1ccccc1,0.2525647,-2.5154905,-0.37398373983739835,-0.53890324
BRD-K07516181,BRD-K07516181,False,CN1[C@H]2CC[C@H](CC(=O)NCC(F)(F)F)O[C@H]2COc2ccc(NC(=O)c3ccccc3Cl)cc2C1=O,0.029973725,-0.36342534,-0.0,-0.0043291734
BRD-K36226647,BRD-K36226647,False,OC[C@H]1[C@H]([C@@H]2CN(CC(=O)N12)C(=O)Cc1ccccn1)c1ccc(cc1)C#CCC1CCCC1,-0.06295192,0.8296294,-0.0,-0.106000386
BRD-K56076713,BRD-K56076713,False,CCN(C[C@@H]1[C@H]([C@@H](CO)N1C(=O)COC)c1ccccc1)S(C)(=O)=O,-0.3179842,2.6519089,-0.0,-0.09897773
BRD-K19294102,BRD-K19294102,False,C[C@H](CO)N1C[C@H](C)[C@@H](CN(C)Cc2cccnc2)OCc3ccccc3-c4c(C1=O)n(C)c5ccccc45,-0.03101132,0.6239417,-0.0,-0.024997255
BRD-K15262863,BRD-K15262863,False,C\C=C\c1ccc(cc1)[C@@H]1[C@H](CO)N(CC2CC2)[C@@H]1CNS(C)(=O)=O,0.05104192,-0.54019016,-0.056910569105691054,-0.303698
BRD-K97024014,BRD-K97024014,False,CCS(=O)(=O)N1[C@@H](CO)[C@H]([C@H]1C#N)c1ccc(cc1)-c1cccc(F)c1,0.0021392088,1.1575415,-0.0,-0.024651345
BRD-K34038660,BRD-K34038660,False,CCCNC(=O)C[C@@H]1CC[C@H]2[C@H](COc3ccc(NC(=O)c4ccc5OCOc5c4)cc3C(=O)N2C)O1,-0.0014464598,-0.8724478,-0.0,-0.052530307
BRD-K20914452,BRD-K20914452,False,CO[C@@H](C(=O)N(C)C[C@@H]1OCc2ccccc2-c3ccccc3C(=O)N(C[C@@H]1C)[C@@H](C)CO)c4ccccc4,-0.10260754,0.1159944,-0.0,-0.22687615
BRD-K46373821,BRD-K46373821,False,COc1cccc(CNC(=O)C[C@H]2CC[C@H]3[C@H](COc4ccc(NC(=O)c5cccs5)cc4C(=O)N3C)O2)c1,0.05463907,-0.89144677,-0.0,-0.26766583
BRD-K67718916,BRD-K67718916,False,CO[C@H]1CN(C)C(=O)c2cc(NS(=O)(=O)c3ccccc3OC)ccc2OC[C@@H](C)NC[C@H]1C,0.16700795,-1.3159957,-0.0,-0.16953978
BRD-K76390333,BRD-K76390333,False,N#Cc1cccc(c1)-c1ccc(cc1)[C@H]1[C@H]2CN(Cc3ccccc3)C[C@@H]1N2,-0.008863369,-0.5405023,-0.0,-0.022785386
BRD-K41958183,BRD-K41958183,False,C\C=C\c1ccc2N[C@@H](CO)[C@H]3CCN([C@H]3c2c1)S(=O)(=O)c1ccc(C)cc1,-0.11166001,1.5927513,-0.0,-0.043142695
BRD-K27711805,BRD-K27711805,False,COc1ccc2c3c([C@H](CO)NC[C@]33CN(Cc4ccc(cc4)-c4ccccn4)C3)n(C)c2c1,-0.04755998,1.3980827,-0.024390243902439025,-0.37008616
BRD-K42790191,BRD-K42790191,False,COc1ccc2c3c([C@H](CO)N(C[C@]33CN(CC4CCCCC4)C3)C(=O)Cc3ccccn3)n(C)c2c1,0.009139745,0.27892485,-0.008130081300813009,-0.56589407
BRD-K55808012,BRD-K55808012,False,CN(C)C(=O)c1cc2CN([C@H](CCO)c2c(n1)-c1cccc(c1)C1=CCCC1)[S@](=O)C(C)(C)C,-0.01170472,0.43814555,-0.0,-0.004813501
BRD-K56583519,BRD-K56583519,False,CC(C)(C)[S@](=O)N1Cc2cc(nc(c2[C@@H]1CCO)-c1cccc(c1)-c1ccc(cc1)C#N)C(=O)NCc1ccncc1,0.14512405,-0.7321914,-0.0,0.010396045
BRD-K85565420,BRD-K85565420,False,CCCCC[C@@H]1OC2=C([C@H](O)[C@]1(C)O)C(=O)N(OC)C2=C,-0.080395736,1.565089,-0.0,-0.104849465
BRD-K08482401,BRD-K08482401,False,C[C@@H](CO)N1C[C@H](C)[C@H](CN(C)S(=O)(=O)c2ccccc2C)OCc3ccccc3-c4ccccc4C1=O,-0.071290895,1.3052208,-0.0,-0.18327893
BRD-K70500696,KB188-III-56,False,Cc1c(NC(=O)/C(=C/c2ccc3ccccc3c2)/C#N)c(=O)n(c4ccccc4)n1C,-0.013966493,-1.8679072,-0.0,-0.12890483
BRD-K64922699,BRD-K64922699,False,CO[C@H]1CC[C@@H]2CCOc3ccc(cc3C(=O)N(C)CCCC(=O)N(C)C[C@H]1O2)C#N,-0.012653078,0.78692734,-0.0,-0.067380086
BRD-K44070326,BRD-K44070326,False,CCCC#Cc1cnc2O[C@@H](CN(C)Cc3ccccc3F)[C@H](C)CN([C@@H](C)CO)C(=O)c2c1,0.15168384,-0.45014334,-0.0,-0.09991505
BRD-K69247067,afloqualone,False,Cc1ccccc1-n1c(CF)nc2ccc(N)cc2c1=O,-0.068360925,1.0562363,-0.0,-0.084324345
BRD-K42800143,BRD-K42800143,False,C[C@H](CO)N1C[C@H](C)[C@H](CN(C)Cc2ccncc2)OCc3cnnn3CCCC1=O,0.41446027,-2.8956718,-0.0,-0.024204694
BRD-K06890060,alda-1,False,Clc1cccc(Cl)c1C(=O)NCc2ccc3OCOc3c2,-0.043129005,-0.13043648,-0.0,-0.10824199
BRD-K61880255,SA-1939064,False,COc1ccc2c3c([nH]c2c1)[C@H](CO)N(C[C@]31CN(Cc2nccs2)C1)C(=O)Nc1ccc(F)cc1,0.09744285,-0.61820006,-0.056910569105691054,-0.58968425
BRD-K45746021,CC-401,False,C(CN1CCCCC1)Oc1cccc(c1)-c1n[nH]c2ccc(cc12)-c1ncn[nH]1,0.016031766,-0.79630846,-0.016260162601626018,-0.22034922
BRD-K42221274,NNC-711,False,OC(=O)C1=CCCN(CCON=C(c2ccccc2)c2ccccc2)C1,0.028093588,0.9510027,-0.0,0.047450315
BRD-K52904986,BRD-K52904986,False,CC(C)NC(=O)NCC[C@H]1CC[C@H](NS(=O)(=O)c2ccc(Oc3ccccc3)cc2)[C@@H](CO)O1,0.03721109,-2.5202928,-0.0,-0.17825723
BRD-K52062350,BRD-K52062350,False,C[C@@H](CO)N1C[C@@H](C)[C@@H](CN(C)Cc2cccnc2)Oc3ncc(cc3C1=O)c4cccc(C#N)c4,0.239518,-1.4806998,-0.0,0.036716167
BRD-K76656279,BRD-K76656279,False,CCCNC(=O)N1C[C@]2(CN(C2)S(C)(=O)=O)c2c([C@H]1CO)n(C)c1cc(OC)ccc21,0.04453859,-1.2062006,-0.0,-0.19327301
BRD-K56384721,BRD-K56384721,False,C[C@H](CO)N1C[C@@H](C)[C@H](CN(C)Cc2cccc(F)c2)Oc3ncc(cc3C1=O)C4=CCCCC4,0.0599827,0.5016426,-0.0,-0.03867341
BRD-K17113870,lovastatin,False,CC[C@H](C)C(=O)O[C@H]1C[C@@H](C)C=C2C=C[C@H](C)[C@H](CC[C@@H]3C[C@@H](O)CC(=O)O3)[C@H]12,0.08617766,-1.2272662,-0.056910569105691054,-0.43239683
BRD-K85352360,BRD-K85352360,False,CN(C[C@@H]1[C@H]([C@@H](CO)N1CC1CC1)c1ccc(cc1)C1=CCCCC1)C(C)=O,-0.06840988,-0.22176069,-0.0,-0.11841903
BRD-K27503016,BRD-K27503016,False,C[C@H](CO)N1C[C@H](C)[C@@H](CN(C)Cc2ccncc2)Oc3cc(C#CCN(C)C)ccc3S1(=O)=O,-0.01905815,1.5053108,-0.0,0.03360586
BRD-K83045795,BRD-K83045795,False,CCC(=O)N1CC2(C1)[C@H]([C@@H](CO)N2S(C)(=O)=O)c1ccc(cc1)\C=C\C,0.0404901,0.6075183,-0.0,-0.054289725
BRD-K78451750,BRD-K78451750,False,CN1[C@@H]2CC[C@H](CC(=O)NCCCN3CCOCC3)O[C@H]2COc2ccc(NC(=O)Nc3ccccc3Cl)cc2C1=O,-0.0027495627,-0.302084,-0.0,-0.08567764
BRD-K68536005,BRD-K68536005,False,OC[C@H]1O[C@@H](CC(=O)NCc2cc(F)ccc2F)C[C@H]3[C@@H]1Oc4ccc(NC(=O)Nc5ccc(cc5)C(F)(F)F)cc34,0.09693736,-1.3833692,-0.23577235772357724,-0.66832554
BRD-K02847640,BRD-K02847640,False,Cc1noc(C)c1NC(=O)NCC[C@@H]1CC[C@H](NC(=O)c2ccc(F)cc2)[C@@H](CO)O1,-0.06490774,-0.124326795,-0.0,-0.011409274
BRD-K36018407,BRD-K36018407,False,CCCN1C[C@H](C)[C@@H](CN(C)C(=O)c2ccc(NC(=O)c3ccccc3F)cc2OC[C@H]1C)OC,-0.14603217,1.7626098,-0.0,-0.30421203
BRD-K15998522,BRD-K15998522,False,C[C@@H](CO)N1C[C@@H](C)[C@@H](CN(C)CC2CCCCC2)Oc3ccc(NC(=O)CCCN(C)C)cc3C1=O,-0.054416135,-0.41027892,-0.0,-0.028841265
BRD-K70415218,BRD-K70415218,False,CCCCOc1ccc(Cl)cc1Nc2nc(NCCO)nc(n2)N3CCCC3,0.026338426,-1.0573881,-0.0,-0.039196406
BRD-K56104152,oxiconazole,False,Clc1ccc(CO\N=C(/Cn2ccnc2)c2ccc(Cl)cc2Cl)c(Cl)c1,0.08274966,-1.5017004,-0.11382113821138211,-0.5958533
BRD-K32972218,BRD-K32972218,False,OC[C@H]1O[C@@H](CCn2cc(nn2)C2CC2)CC[C@@H]1NC(=O)Nc1cc(F)ccc1F,-0.061105385,1.334995,-0.0,-0.018280841
BRD-K06896230,BRD-K06896230,False,CCc1csc(n1)N1[C@H](CO)[C@H]([C@H]1C#N)c1ccc(cc1)C1=CCCC1,-0.09931764,0.63906366,-0.0,-0.07285086
BRD-K69011607,BRD-K69011607,False,C[C@@H](CO)N1C[C@H](C)[C@H](CN(C)C(=O)Nc2cccc(F)c2)OCc3cn(CCCC1=O)nn3,0.106369115,-2.351009,-0.0,-0.023593219
BRD-K14048378,BRD-K14048378,False,CCCc1cc(no1)C(=O)N(C2CCCCC2)C3CCCCC3,-0.048983827,0.761555,-0.0,-0.010038825
BRD-K20827004,BRD-K20827004,False,OC[C@@H]1[C@@H]([C@@H](C#N)N1C(=O)c1cccc(F)c1)c1ccc(cc1)C1=CCCCC1,0.06579259,0.4140199,-0.016260162601626018,-0.063772306
BRD-K25255972,BRD-K25255972,False,COc1ccc(NC(=O)N2CC[C@@]3(CC2)CN([C@H](CO)c2[nH]c4cc(OC)ccc4c32)C(=O)CN2CCOCC2)cc1,0.055540185,-0.054209348,-0.0,-0.18163599
BRD-K81091703,chlorprothixene,False,CN(C)CCC=C1c2ccccc2Sc2ccc(Cl)cc12,-0.026267018,-0.7268009,-0.0,-0.13063173
BRD-K33066317,BRD-K33066317,False,CCN(C[C@H]1N[C@H](CO)[C@@H]1c1ccc(cc1)-c1ccc(F)cc1)C(=O)COC,-0.14954253,1.6244748,-0.032520325203252036,-0.22930723
BRD-K46267071,BRD-K46267071,False,OC[C@H]1[C@@H]([C@@H](C#N)N1C(=O)Nc1ccc(F)cc1)c1ccc(cc1)-c1cccnc1,-0.118950926,1.041015,0.008130081300813009,-0.21190256
BRD-K96063588,BRD-K96063588,False,COCC(=O)N(C[C@@H]1[C@H]([C@@H](CO)N1C(C)=O)c1ccc(cc1)\C=C\C)C(C)C,-0.097506754,0.8782048,-0.04878048780487805,-0.42603913
BRD-K78513625,BRD-K78513625,False,COc1ccc(OC(=O)N(C)C[C@H]2OCc3cn(CCCC(=O)N(C[C@H]2C)[C@@H](C)CO)nn3)cc1,-0.17462014,0.47313932,-0.0,-0.0263142
BRD-K37461197,BRD-K37461197,False,C\C=C\c1ccc(cc1)[C@@H]1[C@@H](CO)N([C@@H]1C#N)C(=O)c1cccnc1,-0.09381598,1.3418871,-0.008130081300813009,-0.05807292
BRD-K78699095,BRD-K78699095,False,CCC(=O)Nc1ccc2OC[C@H](C)N(C[C@H](C)[C@@H](CN(C)C(=O)c2c1)OC)C(=O)CC,0.004517963,0.91326386,-0.008130081300813009,-0.17761633
BRD-K03257659,BRD-K03257659,False,OC[C@@H]1O[C@@H](CC(=O)NCc2ccc3OCOc3c2)C=C[C@@H]1NC(=O)Nc1cc(F)ccc1F,0.16178478,-2.3017638,-0.0,-0.3196473
BRD-K09033315,BRD-K09033315,False,C[C@H](CO)N1C[C@@H](C)[C@@H](CN(C)Cc2ccc(Cl)c(Cl)c2)Oc3c(NS(=O)(=O)C)cccc3C1=O,0.085822284,-1.8224965,-0.0,-0.18907268
BRD-K82053812,BRD-K82053812,False,CO[C@H]1CN(C)C(=O)c2ccc(NC(=O)c3ccc4OCOc4c3)cc2OC[C@H](C)N(CCC(F)(F)F)C[C@@H]1C,0.02789133,0.65975046,-0.008130081300813009,-0.58936095
BRD-K57953517,BRD-K57953517,False,CN1[C@H]2CC[C@@H](CC(=O)NCCc3ccncc3)O[C@@H]2COc2ccc(NC(=O)C3CCOCC3)cc2C1=O,-0.035018682,0.78755444,-0.0,-0.045678906
BRD-K70330256,BRD-K70330256,False,CC(=O)N1CCCCN2[C@@H](CO)[C@H]([C@@H]2C1)c1ccc(cc1)-c1ccccc1,0.08590591,-1.5680147,-0.0,-0.08831588
BRD-K14787141,BRD-K14787141,False,COc1ccccc1CN1CC[C@@H]2[C@H]1c1cc(ccc1N[C@@H]2CO)C1=CCCCC1,0.006813195,0.79711056,-0.0,-0.10830536
BRD-K11266478,BRD-K11266478,False,OC[C@H]1O[C@@H](CC(=O)Nc2nccs2)CC[C@@H]1NC(=O)CCN1CCCCC1,0.010311197,-2.372039,-0.0,0.089439616
BRD-K81496150,BRD-K81496150,False,C[C@H](CO)N1C[C@@H](C)[C@@H](CN(C)CC2CC2)OCCCC[C@H](C)Oc3ccc(NS(=O)(=O)c4ccccc4)cc3C1=O,-0.031918522,0.7809926,-0.0,-0.08172942
BRD-K36115176,BRD-K36115176,False,CCC(=O)N1[C@H](CO)[C@@H](c2ccccc2)C11CN(C1)C(=O)CN1CCOCC1,0.08511854,-2.2097216,-0.0,-0.071077004
BRD-M53302603,BRD-M53302603,False,COC(=O)[C@H]1[C@H](CO)[C@H]2Cn3c(=O)c(\C=C\C)ccc3[C@@H]1N2S(=O)(=O)c1cccc(C)c1.COC(=O)[C@H]1[C@H](CO)[C@H]2Cn3c(=O)c(\C=C/C)ccc3[C@@H]1N2S(=O)(=O)c1cccc(C)c1,-0.024860045,0.0737326,-0.0,-0.21828738
BRD-K08198655,BRD-K08198655,False,CCCN(C)C[C@@H]1OCCCC[C@@H](C)Oc2ccc(NC(=O)NC(C)C)cc2C(=O)N(C[C@@H]1C)[C@H](C)CO,0.023862695,-1.015553,-0.0,0.041823946
BRD-K79997126,BRD-K79997126,False,COc1ccc(cc1)S(=O)(=O)N[C@H]1C=C[C@H](CC(=O)NCCc2ccncc2)O[C@@H]1CO,-0.012152353,0.07431132,-0.0,-0.13364246
BRD-K06042430,BRD-K06042430,False,C[C@@H](CO)N1C[C@H](C)[C@H](CN(C)C(=O)c2cnccn2)Oc3ncc(cc3C1=O)c4ccccc4F,-0.20403488,2.8570385,-0.0,-0.04469784
BRD-K29946363,BRD-K29946363,False,OC[C@@H]1[C@@H]2[C@@H](CNc3ccccc23)N1Cc1cccnc1,0.08092708,-0.6485182,-0.008130081300813009,-0.170556
BRD-K82206012,BRD-K82206012,False,C[C@]12CC[C@H]3[C@@H](C[C@H](F)C4=CC(=O)CC[C@]34C)[C@@H]1CC[C@@H]2O,-0.033265896,0.24536355,-0.0,-0.034373406
BRD-K08248804,LCL-161,False,CN[C@@H](C)C(=O)N[C@@H](C1CCCCC1)C(=O)N1CCC[C@H]1c1nc(cs1)C(=O)c1ccc(F)cc1,0.100732446,-6.517442,-0.0,-0.08601971
BRD-K13079805,BRD-K13079805,False,CO[C@H]1CC[C@H]2CCOc3c(cccc3C(=O)N(C)C[C@H](C)C(=O)N(C)C[C@@H]1O2)C#N,-0.089191705,2.1962445,-0.0,-0.05176954
BRD-K09231502,BRD-K09231502,False,C[C@H](CO)N1C[C@H](C)[C@@H](CN(C)Cc2ccc(Cl)c(Cl)c2)Oc3ccc(NS(=O)(=O)C)cc3CC1=O,0.0849023,-1.9303349,-0.0,-0.31792024
BRD-K38963656,BRD-K38963656,False,C[C@@H](CO)N1C[C@H](C)[C@@H](CN(C)C(=O)CCC(F)(F)F)OCc2ccccc2-c3ccccc3C1=O,0.1476833,-2.021714,-0.0,-0.28698233
BRD-K09973807,BRD-K09973807,False,C[C@H](CO)N1C[C@@H](C)[C@H](CN(C)C(=O)NC2CCCCC2)Oc3c(cccc3C1=O)N(C)C,0.01120544,0.09524018,-0.0,-0.06311324
BRD-A05581237,dinorcitalopram-oxalate,False,NCCCC1(OCc2cc(ccc12)[N+]#[C-])c1ccc(F)cc1,0.057673022,-2.2100885,-0.016260162601626018,-0.30122486
BRD-K68741898,BRD-K68741898,False,CC(C)COC(=O)N(C)C[C@H]1OCc2cnnn2CCCC(=O)N(C[C@@H]1C)[C@H](C)CO,0.08660672,-1.3711548,-0.0,-0.0077934503
BRD-K92980438,BRD-K92980438,False,OC(=O)C(=O)CBr,0.025032034,-1.9781784,-0.008130081300813009,-0.048687723
BRD-K75091523,BRD-K75091523,False,COc1ccc(CNC(=O)C[C@H]2C[C@@H]3[C@@H](Oc4ccc(NC(=O)C5CCC5)cc34)[C@H](CO)O2)cc1,-0.093389116,0.38081098,-0.016260162601626018,0.024244383
BRD-K03845749,BRD-K03845749,False,CN1[C@H]2CC[C@H](CC(=O)N3CCOCC3)O[C@H]2COc2ccc(NS(C)(=O)=O)cc2C1=O,0.19491337,-2.9318547,-0.0,-0.05880882
BRD-K16421840,BRD-K16421840,False,CO[C@H]1CC[C@@H]2CCOc3c(cccc3C(=O)N(C)C[C@@H](OC)[C@@H](C)C(=O)N(C)C[C@@H]1O2)C#N,0.114362754,-0.9389486,-0.0,-0.19467981
BRD-K86629698,BRD-K86629698,False,O=C1CCCc2cnnn2COC[C@H](N1)c1ccccc1,0.10810093,-2.46584,-0.0,-0.01717208
BRD-K11609893,BRD-K11609893,False,C[C@@H](CO)N1C[C@@H](C)[C@H](CN(C)C(=O)NC2CCCCC2)OCc3ccccc3-c4ccccc4C1=O,-0.007393054,0.06028335,-0.0,-0.23221573
BRD-K95208083,SA-1457472,False,O[C@H]1COC[C@@H]2O[C@@H](CC(=O)NCc3ccc(Cl)c(Cl)c3)CC[C@H]2N(C1)C(=O)c1ccccc1F,0.036492757,-0.06700244,-0.0,-0.17873561
BRD-K96431673,BRD-K96431673,False,CN1CCN(CC1)C(=O)C[C@H]1CC[C@H](NC(=O)c2ccc3OCOc3c2)[C@@H](CO)O1,0.038771655,-1.7594647,-0.0,-0.00035053847
BRD-K97615779,BRD-K97615779,False,C/C=C/c1ccc2c(O[C@H](CN(C)C(=O)Cc3cccnc3)[C@H](C)CN([C@H](C)CO)S2(=O)=O)c1,0.098812856,-0.09924684,-0.0,-0.03988285
BRD-K78891011,BRD-K78891011,False,CN(C)C(=O)C[C@@H]1C[C@@H]2[C@@H](Oc3ccc(NC(=O)Nc4ccc(F)cc4)cc23)[C@H](CO)O1,0.054587416,-1.5741818,-0.016260162601626018,-0.20483443
BRD-A73635141,hydrocortisone,False,CC12CC(O)C3C(CCC4=CC(=O)CCC34C)C2CCC1(O)C(=O)CO,0.027294334,-1.3554536,-0.0,0.01911615
BRD-K61079130,BRD-K61079130,False,CN(C)CC#Cc1cccc(c1)c2nc(cc3CN([C@@H](CCO)c32)S(=O)C(C)(C)C)C(=O)NCc4ccc5OCOc5c4,-0.112847194,1.4184295,-0.0,-0.19019127
BRD-K16074065,BRD-K16074065,False,CCCNC(=O)N1[C@H](CO)[C@@H](c2ccccc2)C11CN(C1)C(=O)C1CCCCC1,-0.043503452,-1.1484574,-0.0,-0.10024893
BRD-K76996839,BRD-K76996839,False,C[C@H](CO)N1C[C@@H](C)[C@@H](CN(C)C(=O)c2cccnc2)Oc3cc(C#CC4(O)CCCC4)ccc3S1(=O)=O,0.27164036,-1.3945968,-0.0,-0.026145749
BRD-K48383713,BRD-K48383713,False,OC[C@H]1[C@@H](c2ccccc2)C2(CN(C2)C(=O)C2CCOCC2)N1Cc1ccccc1F,0.031248108,-1.487451,-0.0,-0.16378894
BRD-K78431006,crizotinib,False,C[C@@H](Oc1cc(cnc1N)-c1cnn(c1)C1CCNCC1)c1c(Cl)ccc(F)c1Cl,0.1271317,-4.308308,-0.3170731707317073,-0.63516724
BRD-K08109516,L-701324,False,Oc1c(-c2cccc(Oc3ccccc3)c2)c(=O)[nH]c2cc(Cl)ccc12,-0.039897803,0.026910374,-0.0,-0.033503044
BRD-K56638701,BRD-K56638701,False,CCCNC(=O)N1CC2(C1)[C@@H]([C@H](CO)N2C(=O)CC1CC1)c1ccccc1,0.052451264,0.429444,-0.0,-0.12376073
BRD-K99616396,motesanib,False,CC1(C)CNc2cc(NC(=O)c3cccnc3NCc3ccncc3)ccc12,-0.043262683,0.25862685,-0.008130081300813009,-0.2472708
BRD-K55424922,anpirtoline,False,Clc1cccc(SC2CCNCC2)n1,-0.05527401,1.7979935,-0.0,-0.07649968
BRD-K50168500,canertinib,False,Fc1ccc(Nc2ncnc3cc(OCCCN4CCOCC4)c(NC(=O)C=C)cc23)cc1Cl,-0.015955972,2.270331,-0.3252032520325203,-0.6554032
BRD-K08519668,BRD-K08519668,False,C[C@H](CO)N1C[C@H](C)[C@H](CN(C)Cc2ccncc2)Oc3ccc(NC(=O)Nc4cccc5ccccc45)cc3CC1=O,0.032353427,0.12695955,-0.0,-0.14158554
BRD-K01572707,BRD-K01572707,False,CC(C)c1cn(CC[C@@H]2CC[C@H](NC(=O)C3CC3)[C@@H](CO)O2)nn1,-0.05057489,2.1583374,-0.008130081300813009,-0.07755467
BRD-K23954640,BRD-K23954640,False,OC[C@H]1[C@@H]([C@H]2CN(Cc3cncnc3)CCCCN12)c1ccc(cc1)-c1ccccc1F,0.041665368,-0.9460046,-0.0,-0.0981163
BRD-K00232157,BRD-K00232157,False,CCC(=O)N1CC2(C1)[C@@H]([C@@H](CO)N2S(=O)(=O)CC)c1ccc(cc1)-c1ccc(C)cc1,0.0828541,-0.24935193,-0.0,-0.048012078
BRD-K45663104,BRD-K45663104,False,C[C@@H](CO)N1C[C@H](C)[C@@H](CN(C)C(=O)Nc2cccc(Oc3ccccn3)c2)OCc4cn(CCCC1=O)nn4,-0.037302725,0.9686447,-0.0,-0.01724203
BRD-K44366801,BRD-K44366801,False,Cn1nnnc1Sc2ncnc3scc(c4ccc(cc4)[N+](=O)[O-])c23,0.3600254,-2.8458343,-0.21138211382113822,-0.40140465
BRD-K58536094,BRD-K58536094,False,C[C@H](CO)N1C[C@@H](C)[C@H](CN(C)Cc2ccncc2)Oc3ccc(NC(=O)CCC(F)(F)F)cc3CC1=O,0.021603294,0.525196,-0.0,-0.09364124
BRD-K67977190,eprosartan,False,CCCCc1ncc(\C=C(/Cc2cccs2)C(O)=O)n1Cc1ccc(cc1)C(O)=O,0.02228391,0.91683066,-0.0,-0.072128974
BRD-K47716724,BRD-K47716724,False,OC[C@H]1[C@H]([C@H]2CN(CC(=O)N12)C(=O)c1ccccc1F)c1ccc(cc1)C#Cc1ccccc1,0.007696702,-0.6476745,-0.04065040650406504,-0.41113508
BRD-K73329392,BRD-K73329392,False,COc1ccc2c3c([C@@H](CO)N(C[C@]33CCN(C)CC3)S(=O)(=O)c3ccc(C)cc3)n(C)c2c1,-0.067363404,2.2774012,-0.0,-0.14260325
BRD-K47024121,BRD-K47024121,False,COc1ccccc1C(=O)Nc1ccc2OC[C@@H]3O[C@H](CC(=O)NCCc4ccncc4)CC[C@@H]3N(C)C(=O)c2c1,0.15843068,-2.4710877,-0.0,-0.017842384
BRD-A06664848,BRD-A06664848,False,CC(Sc1nc2cc(Cl)ccc2s1)C(=O)Nc3cccc(c3)S(=O)(=O)N4CCOCC4,-0.07269554,0.0687757,-0.0,-0.454147
BRD-K45025380,BRD-K45025380,False,COc1cccc(CN2CCCCN3[C@H](CO)[C@H]([C@H]3C2)c2ccc(cc2)-c2cccnc2)c1,0.017360695,-0.4180934,-0.0,-0.07158608
BRD-A13122391,triptolide,False,CC(C)[C@@]12O[C@H]2[C@@H]3O[C@]34[C@]5(O[C@H]5CC6C7=C(CC[C@@]64C)C(=O)OC7)[C@@H]1O,0.22194374,-0.27293047,0.008130081300813009,0.11454009
BRD-K84036904,testosterone,False,C[C@]1(O)CC[C@H]2[C@@H]3CCC4=CC(=O)CC[C@]4(C)[C@H]3CC[C@]12C,0.08437741,-1.9442369,-0.0,0.001526535
BRD-K35046132,BRD-K35046132,False,CCCCc1ccc2nc(NC(=O)c3ccc(Br)o3)sc2c1,0.04748845,0.84296554,-0.032520325203252036,-0.19549187
BRD-K32854531,BRD-K32854531,False,C[C@@H](CO)N1C[C@@H](C)[C@@H](CN(C)Cc2cccc(c2)C(F)(F)F)OCc3cnnn3CCCC1=O,-0.22535837,2.6947033,-0.0,-0.047716342
BRD-K72267874,BRD-K72267874,False,COC(=O)C[C@@H]1CC[C@@H]2[C@H](COc3ccc(NC(=O)c4cccc(Cl)c4)cc3C(=O)N2C)O1,0.15643157,-1.9452364,-0.0,-0.09305747
BRD-K61599229,BRD-K61599229,False,COCC(=O)N(C[C@H]1N[C@H](CO)[C@@H]1c1ccc(cc1)C1=CCCCC1)C(C)C,0.05848468,-0.58676416,-0.008130081300813009,-0.15008159
BRD-K09638361,IC-261,False,COc1cc(OC)c(/C=C\2/C(=O)Nc3ccccc23)c(OC)c1,0.10404984,-3.400145,-0.08130081300813008,-0.3419854
BRD-K95666496,BRD-K95666496,False,COc1ccc(CNC(=O)c2cc3CN([C@H](CCO)c3c(n2)-c2cccc(c2)-c2cccc(c2)C#N)[S@](=O)C(C)(C)C)cc1,0.067528,-1.4718801,-0.0,-0.07427887
BRD-K01008530,BRD-K01008530,False,C[C@@H](CO)N1C[C@@H](C)[C@@H](CN(C)C(=O)CCC(F)(F)F)OCc2cn(CCCC1=O)nn2,0.38544312,-1.9144396,-0.0,-0.016651664
BRD-K83325143,BRD-K83325143,False,OC[C@@H]1O[C@@H](CCNC(=O)c2cnccn2)CC[C@H]1NC(=O)c1ccc2OCOc2c1,0.1251941,-1.1892701,-0.0,-0.09903507
BRD-K71603915,EVP-6124,False,Clc1cccc2cc(sc12)C(=O)N[C@H]1CN2CCC1CC2,0.0746889,-1.9703876,-0.0,-0.03531989
BRD-K55362990,BRD-K55362990,False,CN1[C@@H]2CC[C@@H](CC(=O)NCC3CC3)O[C@H]2COc2ccc(NC(=O)NC3CCCC3)cc2C1=O,0.003226823,0.023467999,-0.0,-0.08404158
BRD-A55272860,sulpiride,False,CCN1CCCC1CNC(=O)c1cc(ccc1OC)S(N)(=O)=O,0.13307291,-3.1127143,-0.0,0.005851934
BRD-K56240483,BRD-K56240483,False,OC[C@@H]1[C@H]2Cn3c(cccc3=O)[C@@H]([C@H]1C(=O)Nc1ccc(cc1)-c1ccccc1)N2Cc1ccncc1,0.071032904,-0.95562583,-0.0,-0.19230661
BRD-K18748400,BRD-K18748400,False,CN(C)c1ccc2O[C@H]3[C@H](C[C@H](CC(=O)O)O[C@H]3CO)c2c1,0.07411955,-0.12314373,-0.0,-0.24015722
BRD-K09059649,BRD-K09059649,False,COc1ccccc1CNC(=O)C[C@H]2C[C@@H]3[C@@H](Oc4ccc(NC(=O)c5cccnc5)cc34)[C@H](CO)O2,-0.007850718,-0.21299459,-0.11382113821138211,-0.5944779
BRD-K22778679,BRD-K22778679,False,C[C@H](CO)N1C[C@@H](C)[C@@H](CN(C)Cc2cccnc2)OCc3ccccc3-c4ccccc4C1=O,0.03912306,-0.4571248,-0.0,-0.36909053
BRD-K95057125,BRD-K95057125,False,C[C@H](CO)N1C[C@@H](C)[C@@H](CN(C)Cc2ccc(cc2)C(=O)O)Oc3ccc(NC(=O)C4CC4)cc3C1=O,-0.01592942,0.61170363,-0.0,-0.008233135
BRD-K39156670,BRD-K39156670,False,C[C@@H](CO)N1C[C@H](C)[C@H](CN(C)C(=O)Nc2ccc(F)cc2)OCc3ccccc3-c4ccccc4C1=O,0.10318207,-0.9867637,-0.0,-0.35174492
BRD-K94633563,BRD-K94633563,False,C[C@@H](CO)N1C[C@@H](C)[C@H](CN(C)Cc2ccc(Cl)c(Cl)c2)Oc3ccc(NC(=O)Cc4cn(C)c5ccccc45)cc3CC1=O,-0.056419965,1.7326554,-0.0,-0.34938076
BRD-K39420925,BRD-K39420925,False,C[C@@H](CO)N1C[C@@H](C)[C@H](CN(C)Cc2cccnc2)Oc3cc(ccc3S1(=O)=O)C4=CCCCC4,-0.03208354,-0.045894857,-0.0,0.08978779
BRD-A95939040,sertaconazole,False,Clc1ccc(C(Cn2ccnc2)OCc2csc3c(Cl)cccc23)c(Cl)c1,-0.043647606,0.28144333,-0.0,-0.311991
BRD-K44549295,BRD-K44549295,False,CO[C@@H](CN(C)C(=O)c1ccccc1F)[C@H](C)CN([C@@H](C)CO)S(=O)(=O)c1ccccc1,-0.27574325,2.085472,-0.0,-0.034353238
BRD-K43860855,iobenguane,False,NC(=N)NCc1cccc(I)c1,0.009723778,0.068088405,-0.008130081300813009,-0.08380498
BRD-K75100604,BRD-K75100604,False,CC(C)NC(=O)N1CC2(C1)[C@H]([C@@H](CO)N2C(=O)c1ccccn1)c1ccccc1,-0.06215518,0.2162007,-0.0,-0.07100128
BRD-K54127914,BRD-K54127914,False,COc1ccccc1CN1C[C@H]2N[C@@H](C1)[C@H]2c1ccc(cc1)-c1ccncc1,0.08954663,-1.920151,-0.0,-0.007177981
BRD-K32453902,BRD-K32453902,False,COc1ccccc1S(=O)(=O)N[C@H]1CC[C@H](CCn2cc(nn2)C2CCCCC2)O[C@@H]1CO,0.0023314166,-0.26255798,-0.0,-0.19955099
BRD-A12083771,BRD-A12083771,False,CCCn1ncc(CN2CCCC(C2)C(=O)c3cccc(OC(C)C)c3)c1C,0.054426003,-0.5062223,-0.0,-0.009490954
BRD-K59534645,BRD-K59534645,False,COc1cccc(c1)S(=O)(=O)Nc2ccc3O[C@@H]4[C@@H](C[C@H](CC(=O)NCc5ccc(Cl)cc5)O[C@@H]4CO)c3c2,0.08325344,-0.6449273,-0.032520325203252036,-0.31723857
BRD-K06748700,BRD-K06748700,False,Fc1ccc(cc1)n2sc3ccccc3c2=O,0.18938157,-2.9970524,-0.0,-0.19835311
BRD-K47808476,BRD-K47808476,False,C[C@@H](CO)N1C[C@H](C)[C@@H](CN(C)C(=O)CCC(F)(F)F)OCCCC[C@H](C)Oc2ccc(NS(=O)(=O)c3ccccc3)cc2C1=O,-0.060825806,2.8202794,-0.0,-0.0075241677
BRD-A49906757,scopolamine-n-oxide,False,C[N+]1([O-])[C@H]2C[C@@H](C[C@@H]1[C@H]1O[C@@H]21)OC(=O)[C@H](CO)c1ccccc1,-0.0028085534,1.3416215,-0.0,-0.0011137257
BRD-K33341138,BRD-K33341138,False,CC(C)NC(=O)N1[C@@H]([C@@H](CO)[C@@H]2Cn3c(cccc3=O)[C@H]12)C(=O)N1CCc2ccccc2C1,0.054456167,-0.066407196,-0.0,-0.20037119
BRD-A43150328,penicillic-acid,False,COC1=CC(=O)OC1(O)C(=C)C,0.060652662,-3.9088006,-0.024390243902439025,-0.1871333
BRD-K16552772,BRD-K16552772,False,CS(=O)(=O)N1C[C@H]2[C@@H]([C@H](CO)N2C(=O)C1)c1ccc(Br)cc1,0.05473006,-0.90492547,-0.0,-0.035904936
BRD-K85140930,aphidicolin,False,C[C@@]1(CO)[C@H](O)CC[C@@]2(C)[C@H]1CC[C@H]1C[C@@H]3C[C@]21CC[C@]3(O)CO,0.14465263,-5.9996753,-0.0,-0.08663142
BRD-A75402480,deoxycorticosterone-acetate,False,CC(=O)OCC(=O)[C@H]1CCC2C3CCC4=CC(=O)CC[C@]4(C)C3CC[C@]12C,0.022001758,-1.5637954,-0.0,0.020261308
BRD-K43006764,BRD-K43006764,False,OC[C@@H]1O[C@H](CC(=O)NCc2cc(F)ccc2F)C[C@@H]3[C@H]1Oc4ccc(NC(=O)Nc5ccc(cc5)C(F)(F)F)cc34,0.008706538,-2.07709,-0.24390243902439024,-0.6880131
BRD-A96006241,BRD-A96006241,False,CC(C)C(NC(=O)C(C)N)C(=O)NC(C)C(=O)Nc1cccc2ccccc12,0.03312575,-1.0349422,-0.008130081300813009,-0.013079572
BRD-K66634822,BRD-K66634822,False,Clc1ccc(cc1)S(=O)(=O)N[C@H]1CCCC[C@@H]1N1CCOCC1,0.13538243,-3.6447697,-0.0,-0.07725254
BRD-K82384352,BRD-K82384352,False,Clc1ccc(CN(CCCNC(=S)NCCCc2c[nH]cn2)c2ccc(Br)cn2)cc1,0.062441595,-0.46970785,-0.024390243902439025,-0.28484958
BRD-K97648508,BRD-K97648508,False,CCCNC(=O)N(C)C[C@H]1Oc2cc(C#CC(C)(C)O)ccc2S(=O)(=O)N(C[C@@H]1C)[C@@H](C)CO,-0.046616178,-0.27743977,-0.0,0.038565997
BRD-K70054078,BRD-K70054078,False,COc1ccc(cc1)S(=O)(=O)N(C)C[C@H]2Oc3ncc(C#CC4(O)CCCC4)cc3C(=O)N(C[C@@H]2C)[C@@H](C)CO,0.73920923,-2.7363796,-0.0,-0.17227527
BRD-K88647644,BRD-K88647644,False,COc1ccc(cc1)S(=O)(=O)N1CC[C@H]2[C@@H]1c1cc(ccc1N(C)[C@H]2CO)-c1ccc(F)cc1,0.03212689,0.48895088,-0.024390243902439025,-0.26288232
BRD-A93893742,EMF-sumo1-2,False,[O-][N+](=O)c1cc(ccc1S(=O)CC(=O)Oc2ccc(Cl)cc2)C(F)(F)F,-0.011523616,-1.9299272,-0.0,-0.117766276
BRD-A13188892,doxazosin,False,COc1cc2nc(nc(N)c2cc1OC)N1CCN(CC1)C(=O)C1COc2ccccc2O1,0.066380836,-5.081276,-0.0,-0.12725046
BRD-K19213530,BRD-K19213530,False,OC[C@@H]1O[C@H](CC(=O)Nc2nccs2)C=C[C@@H]1NC(=O)c1cccc(F)c1,-0.06422757,1.4613935,-0.0,-0.11944956
BRD-K03203188,BRD-K03203188,False,COc1ccc(NC(=O)Nc2cccc3C(=O)N(C[C@H](C)[C@H](CN(C)Cc4ccc5OCOc5c4)Oc23)[C@H](C)CO)cc1,0.010877186,-0.59105766,-0.0,-0.13024323
BRD-K49909254,BRD-K49909254,False,CN1[C@H]2CC[C@H](CC(=O)NCC(F)(F)F)O[C@H]2COc2ccc(NC(=O)Nc3ccc(C)cc3)cc2C1=O,0.011594384,-0.66352415,-0.0,-0.018554606
BRD-K66857089,BRD-K66857089,False,CCC(=O)N1[C@H](CO)[C@@H](c2ccc(\C=C\c3ccccc3)cc2)C11CN(C1)S(C)(=O)=O,-0.06321195,0.090858296,-0.0,-0.08647531
BRD-K98251413,IOX2,False,OC(=O)CNC(=O)c1c(O)c2ccccc2n(Cc2ccccc2)c1=O,-0.013380475,-0.29439265,-0.0,-0.25371957
BRD-K73969578,BRD-K73969578,False,COCC(=O)N1C[C@H](C)[C@H](CN(C)C(=O)c2ccc(NC(=O)c3ccc(OC)cc3)cc2OC[C@H]1C)OC,0.43743944,-1.8985531,-0.13008130081300814,-0.51163405
BRD-A37288617,amfepramone,False,CCN(CC)C(C)C(=O)c1ccccc1,0.022888498,-3.8846824,-0.0,-0.025584415
BRD-K02515288,BRD-K02515288,False,COc1ccc(CN(C)C[C@@H]2OCCCC[C@@H](C)Oc3ccc(NC(=O)C4CCCCC4)cc3C(=O)N(C[C@@H]2C)[C@@H](C)CO)cc1,0.21750934,-2.0963397,-0.0,-0.09340676
BRD-K60060639,N-methyllidocaine-iodide,False,CC[N+](C)(CC)CC(=O)Nc1c(C)cccc1C,0.090323545,-1.018877,-0.0,-0.010595383
BRD-K00028814,BRD-K00028814,False,Cc1cccc(CNc2ncnc3ccc(cc23)c4ccc5OCCOc5c4)c1,0.041185807,-2.7640493,-0.008130081300813009,-0.30964947
BRD-K65342196,BRD-K65342196,False,CO[C@@H]1CN(C)C(=O)c2cc(NC(=O)c3cc(C)on3)ccc2OC[C@H](C)N(CC2CC2)C[C@@H]1C,0.038289454,-0.67347634,-0.0,-0.13141441
BRD-K27539003,BRD-K27539003,False,C[C@H](O)C#Cc1cnc2O[C@@H](CN(C)C(=O)Cc3ccncc3)[C@H](C)CN([C@H](C)CO)C(=O)c2c1,0.07579852,-1.8108552,-0.0,-0.012864956
BRD-A12881497,serotonin,False,NCCc1c[nH]c2ccc(OC3O[C@@H]([C@@H](O)[C@H](O)[C@H]3O)C(O)=O)cc12,0.05317662,-1.7129271,-0.008130081300813009,-0.24176435
BRD-K61185334,BRD-K61185334,False,O=C1N[C@@H](Cc2ccccc2)COCc2cn(CC[C@H]1Cc1ccccc1)nn2,-0.094755426,0.93734366,-0.0,-0.05934964
BRD-K12981857,BRD-K12981857,False,CC(=O)N1[C@H]2Cn3c(cccc3=O)[C@@H]1[C@@H]([C@H]2CO)C(=O)NC1CCCC1,0.09397263,-0.43353578,-0.024390243902439025,-0.4645059
BRD-K00248931,BRD-K00248931,False,CN1[C@H]2CC[C@@H](CC(=O)NCc3ccc4OCOc4c3)O[C@H]2COc2ccc(NC(=O)C3CCOCC3)cc2C1=O,0.13866062,-0.7454946,-0.0,-0.06906851
BRD-K19549666,BRD-K19549666,False,C[C@@H](CO)N1C[C@H](C)[C@@H](CN(C)CC2CC2)OCCCC[C@H](C)Oc3ccc(NC(=O)c4ccccc4)cc3C1=O,-0.00071965915,-0.15817423,-0.0,-0.16176225
BRD-K59573506,cyproterone-acetate,False,CC(=O)O[C@]1(CC[C@H]2[C@@H]3C=C(Cl)C4=CC(=O)[C@@H]5C[C@H]5[C@]4(C)[C@@H]3CC[C@]12C)C(C)=O,-0.016344689,-0.71464264,-0.0,-0.0460528
BRD-K46407773,BRD-K46407773,False,CC(=O)N1[C@@H]2Cn3c(cccc3=O)[C@H]1[C@H]([C@@H]2CO)C(=O)NC1CCCC1,-0.096023,-0.25167763,-0.024390243902439025,-0.46152005
BRD-K68693535,lidamidine,False,CNC(=N)NC(=O)Nc1c(C)cccc1C,-0.051833395,0.625834,-0.0,-0.08810926
BRD-K73166612,BRD-K73166612,False,O[C@H]1COC[C@H]2O[C@@H](CC(=O)NCCN3CCCCC3)CC[C@@H]2N(C1)S(=O)(=O)c1ccccc1,-0.00092864037,-1.0661844,-0.0,-0.0048589255
BRD-M15189060,BRD-M15189060,False,CN1CC(=O)NC1=N.NCCc1c[nH]c2cc(O)ccc12,-0.007791462,1.4544204,-0.0,-0.10378181
BRD-K91461129,BRD-K91461129,False,CCCC(=O)N1C[C@@]2(C1)CN([C@@H](CO)c1c2c2ccc(OC)cc2n1C)C(=O)Nc1cccc(F)c1,-0.00947782,-0.2868317,-0.0,-0.33104497
BRD-M66672790,BRD-M66672790,False,C\C=C\c1ccc2n(C[C@@H]3[C@@H](CO)[C@H](C(=O)NCC4CCCCC4)[C@H]2N3C(C)=O)c1=O.C\C=C/c1ccc2n(C[C@@H]3[C@@H](CO)[C@H](C(=O)NCC4CCCCC4)[C@H]2N3C(C)=O)c1=O,-0.030648144,0.5941298,-0.024390243902439025,-0.4199369
BRD-K04710043,hexamethylenebisacetamide,False,CC(=O)NCCCCCCNC(=O)C,0.23582001,-3.7894747,-0.0,-0.037811957
BRD-K62056274,N-methylquipazine,False,CN1CCN(CC1)c1ccc2ccccc2n1,0.027154552,0.74589306,-0.0,-0.0031855053
BRD-K55992427,BRD-K55992427,False,Fc1ccccc1-c1ccc(cc1)[C@@H]1[C@H]2CN(C[C@@H]1N2)C(=O)c1ccc2OCOc2c1,-0.010447484,0.083268546,-0.0,-0.12832399
BRD-K01800462,BRD-K01800462,False,COCC(=O)Nc1ccc2OC[C@H]3O[C@@H](CC(=O)Nc4ccc(F)cc4)CC[C@@H]3N(C)C(=O)c2c1,-0.014491222,1.0745578,-0.0,-0.11891142
BRD-K92740670,BRD-K92740670,False,CC(C)NC(=O)Nc1ccc2O[C@H](C)CCCCO[C@@H](CN(C)C(=O)NC3CCCCC3)[C@H](C)CN([C@H](C)CO)C(=O)c2c1,-0.051109534,1.225611,-0.0,0.04284744
BRD-K59317601,MLN-0128,False,CC(C)n1nc(-c2ccc3oc(N)nc3c2)c2c(N)ncnc12,0.18402031,-0.1933893,-0.016260162601626018,-0.3331595
BRD-K63494246,BRD-K63494246,False,C[C@@H](CO)N1C[C@@H](C)[C@@H](CN(C)C(=O)[C@H]2CCCN2C)OCc3ccccc3-c4c(C1=O)n(C)c5ccccc45,-0.043733135,0.020882577,-0.0,-0.05280066
BRD-K20112532,BRD-K20112532,False,Nc1c(C#N)sc2nc(cc(c3ccc(Cl)cc3)c12)C4CC4,0.028341161,-0.96097064,-0.0,-0.02868827
BRD-K04192660,BRD-K04192660,False,OC[C@H]1[C@@H]([C@@H]2CN(CC(=O)N12)C(=O)CN1CCOCC1)c1ccc(cc1)-c1cccc(F)c1,-0.10741291,1.0174345,-0.0,-0.090879254
BRD-K18351060,BRD-K18351060,False,COC(=O)C[C@H]1CC[C@H]2[C@@H](COC[C@@H](O)CN2CCC(F)(F)F)O1,0.036567703,-2.2173176,-0.0,-0.017321495
BRD-K67489890,BRD-K67489890,False,OC[C@@H]1[C@H]2Cn3c(ccc(C4=CCCC4)c3=O)[C@H]2N(CC2CC2)[C@H]1C(=O)N1CCCCC1,-0.053539436,3.3897853,0.032520325203252036,-0.015421
BRD-K67628477,BRD-K67628477,False,CO[C@H]1CN(C)C(=O)c2cc(NC(=O)Nc3ccc(cc3)C(F)(F)F)ccc2OC[C@@H](C)NC[C@H]1C,-0.10502757,0.8626243,-0.0,-0.29465532
BRD-K78105568,BRD-K78105568,False,COc1ccc(CN2C[C@]3(CN(C3)C(=O)c3ccccc3)c3c([nH]c4cc(OC)ccc34)[C@H]2CO)cc1,-0.012407066,-1.0219456,-0.04065040650406504,-0.39638367
BRD-K01711704,BRD-K01711704,False,OC[C@H]1O[C@@H](CC(=O)NCc2ccc(Oc3ccccc3)cc2)CC[C@H]1NC(=O)c1ccc2OCOc2c1,0.008327451,1.1060494,-0.0,-0.11536167
BRD-K50893227,BRD-K50893227,False,OC[C@@H]1[C@@H]([C@H](CNC(=O)c2ccncc2)N1CC1CCCC1)c1ccccc1,-0.04217144,-0.2050327,-0.0,-0.018546011
BRD-K75674991,BRD-K75674991,False,CN(C)CC#Cc1ccc(cc1)[C@H]1[C@H](CO)N2CCCCN(C[C@H]12)C(=O)C1CC1,-0.1274673,0.7387021,-0.0,-0.123274
BRD-K50112803,BRD-K50112803,False,C[C@H](CO)N1C[C@H](C)[C@H](CN(C)Cc2ccc(Cl)c(Cl)c2)Oc3c(NS(=O)(=O)C)cccc3C1=O,0.009486781,1.5446626,-0.0,-0.17284635
BRD-K79259004,BRD-K79259004,False,COc1ccc(CN(C)C[C@H]2Oc3c(NS(=O)(=O)C)cccc3C(=O)N(C[C@@H]2C)[C@H](C)CO)cc1,-0.0131208105,-0.25663581,-0.0,-0.20391017
BRD-K37846922,"3,3'-diindolylmethane",False,C(c1c[nH]c2ccccc12)c1c[nH]c2ccccc12,-0.032513984,-0.5377959,-0.0,-0.116457574
BRD-K48052985,BRD-K48052985,False,CO[C@H]1CN(C)C(=O)c2cc(NS(C)(=O)=O)ccc2OC[C@@H](C)N(C)C[C@@H]1C,-0.21330853,2.2191105,-0.0,-0.17943093
BRD-K74314059,BRD-K74314059,False,CO[C@@H]1CC[C@H]2CCOc3c(cccc3C(=O)N(C)C[C@H](OC)[C@H](C)C(=O)N(C)C[C@H]1O2)C#N,-0.082394816,0.65852046,-0.008130081300813009,-0.1818565
BRD-K10562742,BRD-K10562742,False,OC[C@H]1O[C@@H](CCNC(=O)c2cc(Cl)cc(Cl)c2)CC[C@H]1NC(=O)C1CCOCC1,-0.025517756,0.81132567,-0.0,0.02984056
BRD-K41390249,BRD-K41390249,False,C[C@H](CO)N1C[C@@H](C)[C@@H](CN(C)C(=O)NC2CCCCC2)OCCCC[C@H](C)Oc3ccc(NC(=O)Nc4ccc5OCOc5c4)cc3C1=O,-0.20810595,1.7189442,-0.0,-0.022997662
BRD-K06280926,BRD-K06280926,False,CN(C)C(=O)C[C@@H]1CC[C@H]2[C@H](COc3ccc(NC(=O)c4ccc(F)cc4)cc3C(=O)N2C)O1,-0.005657137,-0.6096824,-0.0,-0.19634438
BRD-K05025838,BRD-K05025838,False,COc1cccc(c1)C(=O)Nc1ccc2OC[C@H]3O[C@H](CC(=O)NCCCN4CCOCC4)CC[C@@H]3N(C)C(=O)c2c1,0.034983747,-0.8552401,-0.0,-0.21209285
BRD-K57696989,BRD-K57696989,False,CN1[C@H]2CC[C@@H](CC(=O)N3CCOCC3)O[C@H]2COc2ccc(NS(C)(=O)=O)cc2C1=O,-0.05593873,0.12801726,-0.0,-0.044606972
BRD-K84987553,MDM2-inhibitor,False,OB(O)c1ccc(cc1)C(=O)/C=C/c2ccc(I)cc2,-0.099565156,2.4572399,-0.032520325203252036,-0.2227978
BRD-K83289131,CAY-10618,False,O=C(CCCCCCCn1cc(nn1)-c1cccnc1)Nc1ccccc1-c1ccccc1,0.09852745,-3.8406312,-0.43902439024390244,-0.7160029
BRD-K01192156,tyrphostin-AG-112,False,NC(=C(C#N)C#N)/C(=C/c1ccc(O)cc1)/C#N,0.03575306,-2.435126,-0.0,-0.027306102
BRD-K86250672,BRD-K86250672,False,C[C@H](CO)N1C[C@@H](C)[C@H](CN(C)CC2CCCC2)Oc3ncc(C#Cc4ccccn4)cc3C1=O,0.0811735,-1.4016441,-0.0,-0.32005668
BRD-K47272214,BRD-K47272214,False,COCC#Cc1ccc2c(O[C@H](CN(C)S(=O)(=O)c3ccc(OC)cc3)[C@H](C)CN([C@@H](C)CO)S2(=O)=O)c1,-0.034641106,2.048447,-0.0,0.07312564
BRD-K43498025,BRD-K43498025,False,COc1ccc(NC(=O)N2C[C@H]3[C@@H]([C@@H](CO)N3C(=O)C2)c2ccc(cc2)C2=CCCC2)cc1,0.08304373,-1.7834625,-0.008130081300813009,-0.11551021
BRD-K48927563,BRD-K48927563,False,C[C@@H](NC(=O)C[C@@H]1C[C@@H]2[C@@H](Oc3ccc(NC(=O)c4ccc5OCOc5c4)cc23)[C@@H](CO)O1)c6ccccc6,0.0727169,-1.3764474,-0.04065040650406504,-0.4309291
BRD-K02409808,BRD-K02409808,False,OC[C@@H]1O[C@H](CCn2cc(Cc3ccccc3)nn2)CC[C@@H]1NS(=O)(=O)c1ccccc1F,0.009844802,-0.45817974,-0.0,-0.19010544
BRD-K06891569,BRD-K06891569,False,O[C@@H]1COC[C@@H]2O[C@@H](CC(=O)NCC3CCCCC3)CC[C@H]2N(C1)C(=O)Nc1ccc(Cl)cc1,-0.0046625244,0.6994822,-0.008130081300813009,-0.096934825
BRD-K57309821,BRD-K57309821,False,COc1ccc2nc3n(CC(C)C)nc(NC(=O)CC(C)C)c3cc2c1,-0.02814783,1.3022058,-0.0,-0.268683
BRD-A26845397,isamoltane,False,CC(C)NCC(O)COc1ccccc1-n1cccc1,-0.0614302,1.628252,-0.0,-0.05384267
BRD-K71292008,BRD-K71292008,False,CC(C)C[C@@H]1NC(=O)[C@@H]2C[C@@H]([C@@H](N2C1=O)c3ccc(O)cc3)C(=O)OCCOc4ccc(cc4)[C@@H]5N6[C@H]([C@H](C(=O)OCC=C)[C@@]57C(=O)Nc8ccccc87)C(=O)O[C@H]([C@H]6c9ccccc9)c%10ccccc%10,-0.03863551,2.281134,-0.0,-0.252347
BRD-K19812755,KU-C104224,False,O=c1n(sc2ccc(cc12)C#N)-c1ccccc1,-0.09541856,0.08471526,-0.0,-0.024824074
BRD-K85305147,SA-424755,False,COc1ccc(NC(=O)Nc2ccc3O[C@@H](C)CCCCO[C@@H](CN(C)S(=O)(=O)c4ccc(F)cc4)[C@@H](C)CN([C@H](C)CO)C(=O)c3c2)cc1,0.36616954,-4.4573584,-0.0,-0.118230484
BRD-K54391669,BRD-K54391669,False,C[C@H](CO)N1C[C@@H](C)[C@H](CN(C)C(=O)N[C@@H](C)c2ccccc2)OCc3ccccc3-c4c(C1=O)n(C)c5ccccc45,-0.09530942,1.2563888,-0.008130081300813009,-0.08565908
BRD-K44079161,BRD-K44079161,False,C[C@@H](CO)N1C[C@@H](C)[C@H](CN(C)CC2CCCCC2)OCCCC[C@@H](C)Oc3ccc(NS(=O)(=O)c4cn(C)cn4)cc3C1=O,0.097962864,-1.6025437,-0.0,-0.1225231
BRD-K25560306,BRD-K25560306,False,C[C@@H](CO)N1C[C@H](C)[C@H](CN(C)C(=O)[C@@H](Cc2ccccc2)N(C)C)OCc3ccccc3-c4ccccc4C1=O,-0.023605134,-1.1986187,-0.0,-0.20379014
BRD-K86059888,BRD-K86059888,False,CO[C@@H](CN(C)Cc1ccc(cc1)-c1ccccn1)[C@@H](C)CN([C@@H](C)CO)C(=O)Nc1ccc(F)cc1,-0.12061956,1.6849097,-0.04878048780487805,-0.37794745
BRD-K85770991,BRD-K85770991,False,CN(C)c1ccc2O[C@@H]3[C@@H](C[C@@H](CC(=O)NCc4cc(F)ccc4F)O[C@H]3CO)c2c1,0.00089827686,1.7339714,-0.016260162601626018,-0.47228312
BRD-K05858751,BRD-K05858751,False,CN(C)C(=O)c1ccc(cc1)-c1ccc2N(C)[C@H](CO)[C@@H]3CCN([C@@H]3c2c1)C(=O)C1CCC1,0.05666859,-0.68500936,-0.0,-0.27153468
BRD-K11880681,BRD-K11880681,False,C[C@@H](CO)N1C[C@@H](C)[C@H](CN(C)S(=O)(=O)c2ccccc2C)OCc3ccccc3-c4ccccc4C1=O,0.012873978,0.08416829,-0.0,-0.16540441
BRD-K00664012,BRD-K00664012,False,C[C@H](CO)N1C[C@H](C)[C@H](CN(C)C(=O)Nc2ccc(F)cc2)OCCCC[C@H](C)Oc3ccc(NS(=O)(=O)c4ccccc4)cc3C1=O,0.008691769,0.19053414,-0.0,-0.095747605
BRD-K09927308,BRD-K09927308,False,OC[C@H]1[C@@H]2Cn3c(ccc(C4=CCCC4)c3=O)[C@H]([C@@H]1C(=O)NC1CCCC1)N2C(=O)c1ccccc1,0.14723718,-1.5491053,-0.08943089430894309,-0.436633
BRD-K74823284,BRD-K74823284,False,CN(C)c1ccc2O[C@@H]3[C@@H](C[C@@H](CC(=O)NCc4ccccn4)O[C@@H]3CO)c2c1,-0.07699231,0.35928062,-0.0,-0.13777581
BRD-K87300242,BRD-K87300242,False,CO[C@H]1CN(C)C(=O)c2cc(NC(=O)Cc3ccccc3)ccc2OC[C@H](C)NC[C@H]1C,0.19930656,-0.42105722,-0.0,-0.06600811
BRD-K08996802,BRD-K08996802,False,CN(C)C(=O)c1ccc(cc1)-c1ccc(cc1)[C@H]1[C@H]2CN(Cc3cncnc3)C[C@@H]1N2,-0.03755063,-0.072391145,-0.0,-0.0281092
BRD-K30606628,KU-C104233,False,Fc1cccc(c1)-c1cc(N2CCN(CC2)C(=O)c2ccoc2)n2nc(cc2n1)-c1cccc(Cl)c1,0.061553355,-3.949057,-0.2845528455284553,-0.59734154
