step,Score
1,0.07073493671875
2,0.07674089453125
3,0.08079140703125
4,0.0955898515625
5,0.09909546015625
6,0.08852317109375
7,0.0968586375
8,0.119656609375
9,0.106484909375
10,0.1283826015625
11,0.12207451875
12,0.12432588359375
13,0.11782968437500001
14,0.12338955625
15,0.12439367734375
16,0.129538075
17,0.12790904296875
18,0.1362907828125
19,0.13037982734375
20,0.12455965859375
21,0.13511701171875
22,0.15167943828125
23,0.12761972734375
24,0.14658607890625
25,0.12871633515625
26,0.1464571578125
27,0.1329520015625
28,0.14981828515625
29,0.15151723359375
30,0.15592925390625
31,0.1340780953125
32,0.15395281328125
33,0.14517236640625
34,0.16980925625
35,0.14648159375
36,0.15264598671875
37,0.14756604453125
38,0.15491590390625
39,0.15040294609375
40,0.16187547265625
41,0.1565308546875
42,0.15981153828125
43,0.14329039453125
44,0.17002045
45,0.18160400390625
46,0.14914530390625
47,0.16434295703125
48,0.1612760078125
49,0.15666919296875
50,0.15543334765625
51,0.17583201796875
52,0.15315093359375
53,0.1625470421875
54,0.1664799046875
55,0.15350524765625
56,0.19646851796875
57,0.17805296640625
58,0.174535390625
59,0.16792261484374998
60,0.16741430937500001
61,0.19119914921875
62,0.1639601203125
63,0.18896368671875
64,0.1824611640625
65,0.17487444296875
66,0.193694103125
67,0.18247308359375
68,0.1815196609375
69,0.19175698359375
70,0.19223814609375
71,0.19155060625
72,0.1888250875
73,0.182375175
74,0.19210883203125
75,0.17532009140625
76,0.19179728046875
77,0.1819700796875
78,0.2086077265625
79,0.20205035
80,0.22620330078125
81,0.2156737046875
82,0.18300536640625
83,0.20763297265625
84,0.19589572421875
85,0.1951987890625
86,0.20185354921875
87,0.19869914609375
88,0.21384573125
89,0.199595628125
90,0.210021975
91,0.2221852703125
92,0.21042240078125
93,0.21405632421875
94,0.19495501015625
95,0.21304688046875
96,0.2167278015625
97,0.24424780078125
98,0.2176316078125
99,0.223476021875
100,0.21916828203125
101,0.2199030484375
102,0.2366247765625
103,0.22056833046875
104,0.219841234375
105,0.22797591328125
106,0.2253909640625
107,0.22784112421875
108,0.20475675703125001
109,0.21557738515625
110,0.2229100046875
111,0.20999117734375
112,0.22692434765625
113,0.228908159375
114,0.22662835312500001
115,0.2359240546875
116,0.23910673046875
117,0.21793371015625
118,0.24064926171875
119,0.22608124296875
120,0.20730596796875
121,0.24227772265625
122,0.22207913437500001
123,0.21608007734375
124,0.2520748703125
125,0.25022861015625
126,0.2340231234375
127,0.224537378125
128,0.2292299625
129,0.23882353203125
130,0.2307334078125
131,0.22017319375
132,0.2327239953125
133,0.2531289484375
134,0.235024109375
135,0.21665993203125
136,0.241821975
137,0.2342291125
138,0.24734111484375
139,0.2313670984375
140,0.24994919921875
141,0.2529495484375
142,0.22961228984374998
143,0.2603325921875
144,0.25468573359375
145,0.27568157109375
146,0.26125933359375
147,0.2459050359375
148,0.24758806328125
149,0.25811843203125
150,0.24466527109375
151,0.23820711328125
152,0.259443659375
153,0.27726115859375
154,0.25891985078125
155,0.22691075
156,0.26697429375
157,0.24725005
158,0.262613021875
159,0.269262284375
160,0.27124821171875
161,0.2598408
162,0.2343410734375
163,0.27779927265625
164,0.24355324375
165,0.2446824578125
166,0.2507927671875
167,0.27460010546875
168,0.2738736078125
169,0.23474460546875
170,0.26777581953125
171,0.24332130390625
172,0.2518929984375
173,0.2857721609375
174,0.25779279765625
175,0.269247765625
176,0.24549379765625
177,0.26643668203125
178,0.26027551328125
179,0.2722289140625
180,0.27350353359375
181,0.26936918515625
182,0.2760476046875
183,0.25304700390625
184,0.24910979375
185,0.26197527578125
186,0.25926967734375
187,0.27831331484375
188,0.2725463359375
189,0.25526904609375
190,0.2930437921875
191,0.29208719453125
192,0.28491440703125
193,0.2705430140625
194,0.2776742609375
195,0.26646848125
196,0.27663899140625
197,0.26384872890625
198,0.25069493046875
199,0.28978307890625
200,0.29652079062500003
201,0.2928699875
202,0.27028227265625
203,0.281847321875
204,0.286112390625
205,0.26492386953125
206,0.295855740625
207,0.2521232578125
208,0.2931598453125
209,0.265403925
210,0.28399924375
211,0.26140291015625
212,0.26006213515625
213,0.27835344140625
214,0.2862509703125
215,0.262436096875
216,0.305289525
217,0.28619278125000003
218,0.28180114296875
219,0.28224931015625
220,0.32462437109375
221,0.29887543671875
222,0.29920902421875
223,0.29153858515625
224,0.29466490625
225,0.2895809484375
226,0.31243469453125
227,0.31600887890625
228,0.3431143796875
229,0.26804883359375
230,0.3104695140625
231,0.30892703984375
232,0.32145322890625
233,0.27407341015625
234,0.33169331015625
235,0.30569005234375
236,0.28581505078125
237,0.31809255234375
238,0.32377784140625
239,0.32754344453125
240,0.33219182109375
241,0.3324336421875
242,0.2954195109375
243,0.32415785625
244,0.33294804609375
245,0.32394520546875
246,0.32820010625
247,0.33018005
248,0.34229788125
249,0.3437341234375
250,0.318642796875
251,0.3225046890625
252,0.323269771875
253,0.3121674296875
254,0.31362214296875
255,0.3325799375
256,0.31602517812500003
257,0.29249629453125
258,0.3205126984375
259,0.286063690625
260,0.3113373328125
261,0.31336189375
262,0.29876793515625
263,0.29346714765625
264,0.28314332265625
265,0.3026639046875
266,0.32238313203125
267,0.28296059453125
268,0.305409996875
269,0.3155332875
270,0.340137284375
271,0.2929037171875
272,0.34107103203125
273,0.30049315078125
274,0.324572209375
275,0.31590049453125
276,0.310211715625
277,0.33239411015625
278,0.314178740625
279,0.31831326171875
280,0.330673365625
281,0.3170917171875
282,0.28782006171875
283,0.30015515703125
284,0.2848559921875
285,0.31155174609374997
286,0.30269226171875
287,0.3114954234375
288,0.30996576875
289,0.28478760625
290,0.3069730421875
291,0.32342806875
292,0.3272063046875
293,0.3060452015625
294,0.338744690625
295,0.33157425390625
296,0.3258420828125
297,0.3076499578125
298,0.33072712890625
299,0.33301069921875
300,0.2968438734375
301,0.33030659140625
302,0.34751288125
303,0.336270421875
304,0.31583308828125
305,0.35205268359375
306,0.3246862453125
307,0.31802616953125
308,0.32809599609375
309,0.3292620859375
310,0.331106328125
311,0.35633703359375
312,0.3234711
313,0.3316544390625
314,0.3021009625
315,0.28913243984375
316,0.34074279453125
317,0.3205934015625
318,0.31683280234375
319,0.2961483953125
320,0.292636634375
321,0.3181002390625
322,0.35417616875
323,0.31785430546875
324,0.285091428125
325,0.2843056875
326,0.31845285390625
327,0.311172778125
328,0.31098356640625
329,0.32197194140625
330,0.34230048671875
331,0.33672230468750003
332,0.32707433984375
333,0.32093670625
334,0.33100492421875
335,0.28805456484374997
336,0.33452732421875
337,0.33093009609375
338,0.31610183046875
339,0.31434807734375
340,0.33912396171875
341,0.29836385859375
342,0.323493053125
343,0.3453645375
344,0.323160596875
345,0.3463013671875
346,0.34604481484375
347,0.32968767109375
348,0.3325065421875
349,0.33584514453125003
350,0.352981234375
351,0.36358831171875
352,0.31614297421875
353,0.33963837265625
354,0.35712303671875
355,0.33985868359375
356,0.29497494140625
357,0.32418193671875
358,0.3299765921875
359,0.35372272421875
360,0.2937424140625
361,0.3974334234375
362,0.288144709375
363,0.3359955
364,0.31859991640625
365,0.31910774140625
366,0.3298464359375
367,0.33175813046875
368,0.35804733828125
369,0.3286815015625
370,0.37914132734375
371,0.30897304140625
372,0.33362690234375
373,0.3585771578125
374,0.343886128125
375,0.32599061953125
376,0.33128837890625
377,0.3602854765625
378,0.35728486484375
379,0.3507557859375
380,0.3296934078125
381,0.36174302890625
382,0.35631212421875
383,0.36523910390625
384,0.3607026953125
385,0.341901996875
386,0.34819171015625
387,0.347153165625
388,0.3131411734375
389,0.3193964015625
390,0.36069786875
391,0.3413272375
392,0.32233433671875
393,0.316330559375
394,0.35037155468750003
395,0.356741675
396,0.35758357578125
397,0.381830975
398,0.36853006640625
399,0.340768815625
400,0.35304002265625
401,0.34553543515625
402,0.3230522140625
403,0.37923598125
404,0.35212919609375
405,0.3311134953125
406,0.34929023515625
407,0.3679088671875
408,0.34615606171875
409,0.35089816953124997
410,0.37345039296875
411,0.32616479453125
412,0.3345338640625
413,0.3363044578125
414,0.36494806796875
415,0.36072436640625
416,0.3800393984375
417,0.40132769921875
418,0.34155556484375
419,0.33113981796874997
420,0.3550525796875
421,0.35128824609375
422,0.3486845609375
423,0.3454550453125
424,0.358588984375
425,0.3593763015625
426,0.346511315625
427,0.37795386875
428,0.3732837390625
429,0.37343274921875
430,0.32908281484375
431,0.35660857734375
432,0.35293035859375
433,0.35902536640625
434,0.34828378671875
435,0.35389305078125
436,0.34183910546875
437,0.353223971875
438,0.38706748984375
439,0.35980867265625
440,0.3393300171875
441,0.35326556015625
442,0.3710920015625
443,0.34764799921875
444,0.36404082890625
445,0.35767516015625
446,0.36444887265625
447,0.35727767578125
448,0.36444625078125
449,0.3440096921875
450,0.3881129046875
451,0.3793607375
452,0.36893470859375
453,0.362460840625
454,0.3653620875
455,0.351687215625
456,0.361292378125
457,0.3316083734375
458,0.37952837109375
459,0.35392092578125
460,0.3614640296875
461,0.34400469140625
462,0.3811674015625
463,0.3754613390625
464,0.3581924796875
465,0.3571435734375
466,0.33115794609375
467,0.368416628125
468,0.36088952578125
469,0.3490864578125
470,0.35976542109375
471,0.36204105234375
472,0.34957705078125
473,0.38114973046875
474,0.3893448109375
475,0.36129899140625
476,0.38000667265625
477,0.38919774140625
478,0.3915516171875
479,0.39145516328125
480,0.39075130625
481,0.3499366453125
482,0.3480900890625
483,0.3580990734375
484,0.409124853125
485,0.38266113359375
486,0.36391489140625
487,0.34933380546875
488,0.37699982109375
489,0.39362435390625
490,0.3268949265625
491,0.39066159296874997
492,0.36513545625
493,0.3748293046875
494,0.39074305234375
495,0.36018928984375
496,0.36783468515625
497,0.39519261640625
498,0.40874245859375
499,0.37580651953125
500,0.387825940625
501,0.37245422734375
502,0.380190021875
503,0.39172328671875
504,0.396839878125
505,0.3890118640625
506,0.40936630390625
507,0.38093437890625
508,0.39416895078125
509,0.37639583125
510,0.38002670078125
511,0.37688264765625
512,0.3765313890625
513,0.4168781171875
514,0.38134178203125
515,0.3832658734375
516,0.3838098265625
517,0.4045315765625
518,0.35969413671875
519,0.39562699296875
520,0.3714944796875
521,0.3771355984375
522,0.39339775390625
523,0.361456646875
524,0.3676558484375
525,0.36886121796875
526,0.38431890078125003
527,0.3961449578125
528,0.377601765625
529,0.3746864546875
530,0.33870960078125
531,0.35771319296875
532,0.36069511953125
533,0.3687793484375
534,0.3612104890625
535,0.339970934375
536,0.34677635546875
537,0.31249150390625
538,0.35837622421875
539,0.35821506484375
540,0.3645418328125
541,0.343428621875
542,0.32351655859375
543,0.35763770546875
544,0.38227145234375
545,0.398515440625
546,0.34596235859375
547,0.3565975640625
548,0.394045684375
549,0.3629891953125
550,0.379026453125
551,0.3745785296875
552,0.3932278921875
553,0.4061729734375
554,0.36374603437499997
555,0.40606815625
556,0.37597185703125
557,0.36706503046875
558,0.41354798046875
559,0.38048810546875
560,0.414567609375
561,0.388495934375
562,0.3819073890625
563,0.388584184375
564,0.37857310625
565,0.3838135203125
566,0.4560763796875
567,0.379600253125
568,0.37391845390625
569,0.36533360390625
570,0.364977521875
571,0.3839339328125
572,0.34486307578125003
573,0.365332403125
574,0.39320192109375
575,0.38516513203125
576,0.35467280703125
577,0.365336815625
578,0.372306525
579,0.36076650390625
580,0.39871688828125
581,0.34231254140625
582,0.37338294453125
583,0.40190752265625
584,0.36647194765625
585,0.35565399140625
586,0.377228084375
587,0.4067666265625
588,0.40051688359375
589,0.398950709375
590,0.3891469640625
591,0.37759297265625
592,0.38507991171875
593,0.40541323203125
594,0.39625116171875
595,0.4006972234375
596,0.368922578125
597,0.36100846875
598,0.38260509609375
599,0.40761468125
600,0.39172029296875
601,0.41689722734375
602,0.35616170546875
603,0.3513129078125
604,0.36588216015625
605,0.37311795546875
606,0.34992183125
607,0.36665586015625
608,0.36214571328125
609,0.3383768578125
610,0.3792083078125
611,0.35758141718750003
612,0.3551674296875
613,0.33096090234375003
614,0.32560776171875
615,0.38569673203125
616,0.36244148828125
617,0.3614475046875
618,0.35031823359375
619,0.37129607265625
620,0.35867382578125
621,0.34525965078125
622,0.34489380625
623,0.38163074609375
624,0.3849456
625,0.3935601578125
626,0.36524561015625
627,0.3707449796875
628,0.36806980390625
629,0.406763784375
630,0.37914085390625
631,0.386688528125
632,0.37944948671875
633,0.3666233078125
634,0.39505818046875
635,0.38256504453125
636,0.3915879140625
637,0.3986487234375
638,0.3807127328125
639,0.4096454546875
640,0.35624820546875
641,0.40160026875
642,0.3959542375
643,0.382033565625
644,0.3601421078125
645,0.3685656671875
646,0.3881626734375
647,0.37615022578125
648,0.35651166875
649,0.389423021875
650,0.38168871640625
651,0.37146855546875
652,0.37848888515625
653,0.34440988125
654,0.356901621875
655,0.38251835546875
656,0.370591446875
657,0.39274309765625
658,0.3863490078125
659,0.37198437890625
660,0.372565859375
661,0.3762379828125
662,0.38371878125
663,0.34202414375
664,0.3969683171875
665,0.35620673203125
666,0.36943767890625
667,0.34299243671875
668,0.36957217578125
669,0.379046296875
670,0.355590309375
671,0.34792816484375
672,0.3895786296875
673,0.35873498046875
674,0.382920684375
675,0.3874340671875
676,0.3914756234375
677,0.3667452578125
678,0.366877228125
679,0.38301853203125
680,0.36894120546875
681,0.39069125546875
682,0.36018193359375
683,0.37509848125
684,0.39007890859375
685,0.40427275703125
686,0.369114315625
687,0.36895739765625
688,0.36089004609375
689,0.3957526703125
690,0.35097051796875
691,0.3616800359375
692,0.376178253125
693,0.3678861328125
694,0.36257534765625
695,0.399143996875
696,0.351120871875
697,0.39849565234375
698,0.382459046875
699,0.36666898359375
700,0.386069959375
701,0.3744725640625
702,0.389602646875
703,0.392966025
704,0.37087059921875
705,0.3767829828125
706,0.3898170828125
707,0.3621357078125
708,0.36225763359375
709,0.38878462578125
710,0.3841517671875
711,0.4187151625
712,0.3434026515625
713,0.36756946953125
714,0.3704299125
715,0.36104035703125
716,0.37135044296875
717,0.3733621859375
718,0.38108530234375
719,0.39281396640625
720,0.39698922265625003
721,0.40901171796875
722,0.40071163671875
723,0.4179544640625
724,0.39733422109375
725,0.39942500937500003
726,0.41769907109375
727,0.40669192187500003
728,0.4185434921875
729,0.3966573015625
730,0.4031963875
731,0.39882882890625
732,0.40274627890625
733,0.40282837578125
734,0.4256280890625
735,0.40212180703125
736,0.3871210015625
737,0.406550378125
738,0.40815179453125
739,0.40855229609375
740,0.407949315625
741,0.39729986171875
742,0.3784731390625
743,0.38349994453125
744,0.4035955
745,0.397701984375
746,0.41323797578125
747,0.36384566328125
748,0.40825201484375
749,0.394897440625
750,0.38778185546875
751,0.38948054375
752,0.3861887453125
753,0.389988534375
754,0.40568322734375
755,0.39413019375
756,0.38796808828125
757,0.36177431875
758,0.3904718859375
759,0.38145106015625
760,0.39803727265625
761,0.418558109375
762,0.39898019609375
763,0.3864987140625
764,0.40529481796875
765,0.39162864765625
766,0.38441881484375
767,0.39228569921875
768,0.42195537109375
769,0.41148731953125
770,0.3920493
771,0.3842937171875
772,0.4171293953125
773,0.42709196875
774,0.43339154765625
775,0.41819011796875
776,0.41800418203125
777,0.4131724671875
778,0.427062953125
779,0.420613596875
780,0.41379309140625
781,0.40080686249999997
782,0.42667308046875
783,0.39974566015625
784,0.4037767265625
785,0.401717784375
786,0.40535886718749997
787,0.3973058828125
788,0.40998771015625
789,0.3897895859375
790,0.40477973984375
791,0.37630560703125
792,0.41847126796875
793,0.40328295859375
794,0.42252475703125
795,0.391423196875
796,0.387758125
797,0.38105249765625
798,0.3920196984375
799,0.418587884375
800,0.38900075859375
801,0.41211484375
802,0.39469674453125
803,0.4150633640625
804,0.399179021875
805,0.4171734421875
806,0.4254578609375
807,0.3719165453125
808,0.40603179765624997
809,0.3975924203125
810,0.39032011328125
811,0.37090879609375
812,0.3833263703125
813,0.411129253125
814,0.4015181046875
815,0.36997523046875
816,0.42646841171875
817,0.42279127421875
818,0.3755756
819,0.35912672109375
820,0.40570042265625
821,0.36288197499999997
822,0.384493378125
823,0.37693547265625
824,0.39635911875
825,0.37149590078125
826,0.40491912265625
827,0.39285645234375
828,0.3962014359375
829,0.36810252578125
830,0.370287178125
831,0.38274936796875
832,0.36239145859375
833,0.37244951875
834,0.37434865
835,0.385624078125
836,0.341524659375
837,0.38749605390625
838,0.39349999453125
839,0.37487553125
840,0.3702857515625
841,0.36833670390625
842,0.38889541328125
843,0.37785787265625
844,0.416212571875
845,0.41462341015625
846,0.37761197109375
847,0.4025416484375
848,0.3795898671875
849,0.4006833109375
850,0.3746402390625
851,0.404909453125
852,0.3687718984375
853,0.38117059921875
854,0.3620654171875
855,0.41568795390625
856,0.3909947015625
857,0.37951464687500003
858,0.387200275
859,0.38977630546875
860,0.4001475671875
861,0.3906371578125
862,0.38959616953125
863,0.38859099765625
864,0.40791312109375
865,0.3763592328125
866,0.43277799140625
867,0.39776228046875
868,0.42051919921875003
869,0.3964568296875
870,0.41043875078125
871,0.387865503125
872,0.40636433046875
873,0.34046089140625
874,0.35802671484375
875,0.3710943171875
876,0.33470435703125
877,0.341414071875
878,0.34434380234375
879,0.3503830953125
880,0.37305799765625
881,0.40070047890625
882,0.36702615703125
883,0.368931071875
884,0.355189065625
885,0.3794248234375
886,0.38273455
887,0.365275590625
888,0.38606074218750003
889,0.37804271875
890,0.36505020781249997
891,0.43102144453125
892,0.37683546953125
893,0.394131071875
894,0.38396663203125
895,0.393277771875
896,0.39333351484375
897,0.360497759375
898,0.3747433828125
899,0.35821675625
900,0.38062303984375
901,0.4256123515625
902,0.38623188671875003
903,0.39763987578125
904,0.3876910859375
905,0.40148971953125
906,0.387496875
907,0.37971865390625
908,0.381932325
909,0.37913323984375
910,0.387945884375
911,0.39747200546875
912,0.3992952515625
913,0.419111703125
914,0.402561159375
915,0.388767065625
916,0.40592295624999997
917,0.3629791421875
918,0.41377941875
919,0.41001084375
920,0.4030083078125
921,0.37109440859375
922,0.39638057578125
923,0.412913575
924,0.395458965625
925,0.41641112109375
926,0.3835028078125
927,0.372901078125
928,0.40308882109375
929,0.38358637421875
930,0.39318698125
931,0.41535604296875
932,0.38679109453125
933,0.4332644125
934,0.4044398546875
935,0.40033310703125
936,0.40273289375
937,0.41790837421875
938,0.4271818109375
939,0.3859070796875
940,0.4285338125
941,0.42618505078125
942,0.4286119
943,0.42759474140625
944,0.4137583796875
945,0.39436575703125
946,0.41743050390625
947,0.425264159375
948,0.419624015625
949,0.42653345234375
950,0.42362592734375
951,0.4103661984375
952,0.40031917734375
953,0.402903125
954,0.39227198203125
955,0.4124577921875
956,0.3924925109375
957,0.3706359828125
958,0.41758819140625
959,0.397805696875
960,0.3709209171875
961,0.37478485
962,0.38550870703125
963,0.41981215859375
964,0.3785009375
965,0.35091800546875
966,0.41008274921875
967,0.36446640078125
968,0.38698777421875
969,0.3912934
970,0.412117565625
971,0.39816921953125
972,0.42918369140625
973,0.412304746875
974,0.4145023140625
975,0.3953424375
976,0.3759512203125
977,0.383541725
978,0.39324106640625
979,0.41490509609375
980,0.4124631453125
981,0.3838349015625
982,0.416261971875
983,0.39545454765625
984,0.4077505046875
985,0.387516225
986,0.42822901875
987,0.399396946875
988,0.413809296875
989,0.38906402109375
990,0.39504440234375
991,0.39117465859375
992,0.407821021875
993,0.4321600609375
994,0.3762414859375
995,0.40589774609375
996,0.40383059296875
997,0.36612847187500003
998,0.41367577109375
999,0.4140872671875
1000,0.4346415765625
1001,0.40278262265625
1002,0.37672891171875
1003,0.41808529843750003
1004,0.42235110859375
1005,0.42738000078125
1006,0.40256970234375
1007,0.36598112890625
1008,0.40962585234375
1009,0.39397388515625
1010,0.39694216015625
1011,0.40988075390625
1012,0.40174236796875
1013,0.3932177171875
1014,0.4015194515625
1015,0.42291791953125
1016,0.42334430703125
1017,0.39995200703125
1018,0.4066086359375
1019,0.40900940625
1020,0.3756636578125
1021,0.3899706765625
1022,0.40554477109375
1023,0.40160968125
1024,0.423163203125
1025,0.35772396953125
1026,0.39463539062499997
1027,0.382949121875
1028,0.427857359375
1029,0.40615097421875
1030,0.392971828125
1031,0.38068694296875
1032,0.3880585609375
1033,0.39595726796875
1034,0.3877076234375
1035,0.4019130828125
1036,0.4105382734375
1037,0.39264235703125
1038,0.39395769453125
1039,0.3708749328125
1040,0.41396132890625
1041,0.39017969375
1042,0.42641821640625
1043,0.37876222578125
1044,0.37972009375
1045,0.379710875
1046,0.37929758671875
1047,0.38171321796875
1048,0.38049122890625
1049,0.40706542109375
1050,0.39709468828125
1051,0.402498065625
1052,0.36909839375
1053,0.35825475078125
1054,0.3977850484375
1055,0.38037863671875
1056,0.38663297421875
1057,0.41349088984375
1058,0.3737083765625
1059,0.38902569453125
1060,0.3711846265625
1061,0.4048685578125
1062,0.37396920390625
1063,0.38253851875
1064,0.3984651203125
1065,0.4062518828125
1066,0.37460282109375
1067,0.35328486171875
1068,0.39063255625
1069,0.4135975703125
1070,0.39645057421875
1071,0.36884148125
1072,0.399334525
1073,0.41274070546874997
1074,0.354818790625
1075,0.40187143984375
1076,0.37975717421875
1077,0.4080719203125
1078,0.38891318984375
1079,0.39347722734375
1080,0.394899653125
1081,0.38296146875
1082,0.419094375
1083,0.408600971875
1084,0.4153709046875
1085,0.358869153125
1086,0.3824630265625
1087,0.3942421265625
1088,0.41047642890625
1089,0.38426020625
1090,0.3972603171875
1091,0.4334714328125
1092,0.38829077421875
1093,0.383626846875
1094,0.41676871953125
1095,0.3765571484375
1096,0.3744294875
1097,0.32653921328125
1098,0.37486986171875
1099,0.4092850953125
1100,0.3719718765625
1101,0.37212899765625
1102,0.37825957734375
1103,0.39401257421875
1104,0.3929126171875
1105,0.41384104765625
1106,0.398809003125
1107,0.36577161406250003
1108,0.38126066875
1109,0.379124
1110,0.37553261875
1111,0.39726856171875
1112,0.42354137578125
1113,0.443453309375
1114,0.414620534375
1115,0.3989156109375
1116,0.38488838671875003
1117,0.38145059140625
1118,0.361113559375
1119,0.43342747734375
1120,0.39169720625
1121,0.4320395578125
1122,0.40029829765625
1123,0.377940109375
1124,0.4153108140625
1125,0.4127781359375
1126,0.4040346078125
1127,0.40101258203125
1128,0.391949546875
1129,0.3867138484375
1130,0.43188309140625
1131,0.39049204453125
1132,0.43096677578125
1133,0.3883722171875
1134,0.398237690625
1135,0.39872878203125
1136,0.3931251625
1137,0.39641234296875
1138,0.41173003828125
1139,0.41354067578125
1140,0.4296511140625
1141,0.40497579921875
1142,0.39309982109375
1143,0.417213465625
1144,0.41696185703125
1145,0.43321779765625
1146,0.43350420703125
1147,0.40478385703124997
1148,0.414281575
1149,0.424949590625
1150,0.41690900390625
1151,0.41502963359375
1152,0.4044103
1153,0.4246954625
1154,0.43220340546875
1155,0.42442811953125
1156,0.43506377265625
1157,0.4376253421875
1158,0.43432085546875
1159,0.43179688671875
1160,0.41881963984375
1161,0.42814958203125
1162,0.39860562421875
1163,0.4132136328125
1164,0.42898427109375
1165,0.4439205046875
1166,0.40860207890625
1167,0.45117273671875
1168,0.4211517875
1169,0.41890261875
1170,0.38123204296875
1171,0.4120093796875
1172,0.42473377421875
1173,0.38125992109375
1174,0.42837721875
1175,0.42775996640625
1176,0.4211004453125
1177,0.3754952953125
1178,0.42567537109375
1179,0.3707868984375
1180,0.390764003125
1181,0.39904024375
1182,0.4235151640625
1183,0.42139634609375
1184,0.39677588671874997
1185,0.3953495640625
1186,0.38800662421875
1187,0.4164062625
1188,0.40076443671875
1189,0.4076805328125
1190,0.42730800078125
1191,0.4046611015625
1192,0.42896625234375
1193,0.41413874453125
1194,0.42156558359375
1195,0.407832909375
1196,0.43360802265625
1197,0.42062661875
1198,0.3799825984375
1199,0.410317496875
1200,0.4375861171875
1201,0.394476946875
1202,0.38982033671875
1203,0.4118016484375
1204,0.38954801171875
1205,0.41453424453125
1206,0.39585182578125
1207,0.3928132640625
1208,0.40175401953125
1209,0.39920403984375
1210,0.45059087265625
1211,0.3957995515625
1212,0.36920644375
1213,0.3975876453125
1214,0.37883396015625
1215,0.38999153125
1216,0.41505253046875
1217,0.39812037578125
1218,0.3778669359375
1219,0.40734703046875
1220,0.372826540625
1221,0.41746181250000003
1222,0.3885276875
1223,0.35259498203125
1224,0.38099065
1225,0.41980940703124997
1226,0.40808248984375
1227,0.3829714640625
1228,0.37270261171875
1229,0.39959484921875
1230,0.39574206171875
1231,0.38605819453125
1232,0.416181375
1233,0.39386597890625
1234,0.392126184375
1235,0.39012088125
1236,0.40361475546875
1237,0.3889686953125
1238,0.38837696875
1239,0.4151727375
1240,0.39654095078125
1241,0.40318953515625
1242,0.4237008453125
1243,0.396613690625
1244,0.3991079296875
1245,0.40094910859375
1246,0.3919087265625
1247,0.41125853359375
1248,0.38922535
1249,0.3985536125
1250,0.41885920390625
1251,0.3884449953125
1252,0.41112251328125
1253,0.4204518078125
1254,0.4049460828125
1255,0.41968100859375
1256,0.35860727265625003
1257,0.3785654125
1258,0.4090598359375
1259,0.420448346875
1260,0.40240478749999997
1261,0.37505654921875
1262,0.37304991953125
1263,0.3805773703125
1264,0.39174652421875
1265,0.3619461140625
1266,0.34927669296875
1267,0.38782157734375
1268,0.37384229453125
1269,0.3966435859375
1270,0.39379016015625
1271,0.36408865546875
1272,0.364128775
1273,0.40665865546875
1274,0.398936965625
1275,0.3790994953125
1276,0.380118875
1277,0.4113915875
1278,0.39025820859375
1279,0.42100926875
1280,0.3941221921875
1281,0.4261582125
1282,0.40445169765625
1283,0.37063824609375
1284,0.373327609375
1285,0.42987859140625
1286,0.41684662031249997
1287,0.419251934375
1288,0.42053016015625
1289,0.36353828515625
1290,0.4215281703125
1291,0.41696588359375
1292,0.387835584375
1293,0.42877974375
1294,0.41631115546875
1295,0.41548353359375
1296,0.3697123203125
1297,0.40514265
1298,0.40685945703125
1299,0.39072865703125
1300,0.40388813203125
1301,0.41287947421875
1302,0.4158061875
1303,0.400486203125
1304,0.39372560234375
1305,0.38722887890625
1306,0.3748283796875
1307,0.3912243125
1308,0.43683720859375
1309,0.386841921875
1310,0.4189228578125
1311,0.417470128125
1312,0.41377545
1313,0.4091603015625
1314,0.4190948234375
1315,0.39032445390625
1316,0.41933822734375
1317,0.39949912890625
1318,0.40770168984375
1319,0.42971036875
1320,0.42826807578125
1321,0.43194147734375
1322,0.4004165953125
1323,0.3761476734375
1324,0.4180928171875
1325,0.4136877203125
1326,0.4105382453125
1327,0.4501617265625
1328,0.4276308109375
1329,0.42577588984375003
1330,0.40355843515625
1331,0.44943274843750003
1332,0.420476603125
1333,0.42588275703125
1334,0.4331715703125
1335,0.42932004453125
1336,0.39382022031249997
1337,0.40317066953125
1338,0.42393939921875
1339,0.39813094296875
1340,0.41356851171875
1341,0.42900001484375
1342,0.42122970625
1343,0.43892705546875
1344,0.3912172796875
1345,0.40541672734375
1346,0.40767517890625
1347,0.41293073125
1348,0.42639627734375
1349,0.4341084421875
1350,0.4339806046875
1351,0.4068376875
1352,0.39274841015625
1353,0.4057859375
1354,0.4304517140625
1355,0.41726306796875
1356,0.4299627546875
1357,0.39576785078125
1358,0.38818601640625
1359,0.42424643984375
1360,0.38571954062499997
1361,0.4006042203125
1362,0.41567389453125
1363,0.40108312578125
1364,0.407798553125
1365,0.3984773859375
1366,0.3983404375
1367,0.411350415625
1368,0.38728995
1369,0.37887891953125
1370,0.41339421953125
1371,0.38666020859375
1372,0.3921761671875
1373,0.4260603578125
1374,0.412147675
1375,0.38456245390625
1376,0.3975244234375
1377,0.40276791875
1378,0.41460620078125
1379,0.3982458125
1380,0.38372007265625
1381,0.40326567578125
1382,0.4028354984375
1383,0.3929631828125
1384,0.3772410125
1385,0.37428070234375
1386,0.38644976171875
1387,0.38864670546875
1388,0.39719123046875
1389,0.38392330234375
1390,0.38870577890625
1391,0.3671095203125
1392,0.38752151171875
1393,0.38732978515625
1394,0.42082017578125
1395,0.42602455
1396,0.41338323828125
1397,0.39368955625
1398,0.39451818828125
1399,0.4282661296875
1400,0.42410067109375
1401,0.3930645375
1402,0.40647285
1403,0.39467244453125
1404,0.39058399375
1405,0.40845866171875
1406,0.37680412890625
1407,0.3785984921875
1408,0.3814362859375
1409,0.39059202734375
1410,0.406217184375
1411,0.41191472265625
1412,0.42268073125
1413,0.38453226640625
1414,0.402572465625
1415,0.4305948421875
1416,0.40163023984375
1417,0.40584891875
1418,0.4260719375
1419,0.42608688203125
1420,0.426007190625
1421,0.44055794296875
1422,0.41934646953125
1423,0.44453939609375
1424,0.437059521875
1425,0.41341470625
1426,0.41388073359375
1427,0.41811450078125
1428,0.43605990859375
1429,0.44271311796875
1430,0.4009119203125
1431,0.446602009375
1432,0.4106707859375
1433,0.3890412546875
1434,0.41806283828125
1435,0.4292962859375
1436,0.44168014375
1437,0.41829775703125
1438,0.44196088515625
1439,0.4204279078125
1440,0.38843945703125
1441,0.44306546796875
1442,0.3869658296875
1443,0.43760306953125
1444,0.39713213828125
1445,0.41794586171875
1446,0.3974617125
1447,0.388894653125
1448,0.41696279765625
1449,0.4018301734375
1450,0.4201243390625
1451,0.45416811484374997
1452,0.407933371875
1453,0.41598920859375
1454,0.39774443359375
1455,0.43207024140625
1456,0.4372192890625
1457,0.41299263046875
1458,0.4181770140625
1459,0.39639326015625
1460,0.41302174921875
1461,0.405549875
1462,0.40800067421874997
1463,0.41021801015625
1464,0.39369356796875
1465,0.401809121875
1466,0.4011250265625
1467,0.4144509046875
1468,0.41946319609375
1469,0.4222840953125
1470,0.435540678125
1471,0.42411300703125
1472,0.3817163390625
1473,0.39996762578125
1474,0.3943728296875
1475,0.40363944218750003
1476,0.410516296875
1477,0.4045648140625
1478,0.38511877890625
1479,0.41706233046875
1480,0.38176483828125
1481,0.39195689921875
1482,0.3857258671875
1483,0.38958500546875
1484,0.3878846796875
1485,0.34900129296875
1486,0.39753737578125
1487,0.39084860234375
1488,0.38274365234375
1489,0.38143830625
1490,0.4006600046875
1491,0.35351123046875
1492,0.4036019265625
1493,0.37061651015625
1494,0.41105497421875
1495,0.3972370828125
1496,0.39670261015625
1497,0.38715324453125
1498,0.387976734375
1499,0.41357296796875
1500,0.41169246796875
1501,0.4064936484375
1502,0.36346472109375
1503,0.43245109765625
1504,0.39271000546875
1505,0.4286042046875
1506,0.42901757890625003
1507,0.43044341875
1508,0.4556035875
1509,0.416801325
1510,0.4504698984375
1511,0.42662496328125
1512,0.426029571875
1513,0.4535242046875
1514,0.4603159765625
1515,0.41782206015625
1516,0.4234322
1517,0.41586511796875003
1518,0.44168801171875
1519,0.40534075859375
1520,0.45850798515625
1521,0.42454029296875
1522,0.45475989921875
1523,0.430881903125
1524,0.463525565625
1525,0.44162822421875
1526,0.43159131875
1527,0.44646623671875
1528,0.4521413359375
1529,0.45227745703125
1530,0.4372201609375
1531,0.44698576484375
1532,0.43353066640625
1533,0.468711225
1534,0.43657980859375
1535,0.446522096875
1536,0.41235767265625
1537,0.45968555390625
1538,0.44907684375
1539,0.4543465625
1540,0.42831383203125
1541,0.40110429609375
1542,0.43813304765625
1543,0.37457881328125
1544,0.43651839375
1545,0.382322421875
1546,0.439450228125
1547,0.40577957109375
1548,0.44041639296875
1549,0.40910601796875
1550,0.4164881921875
1551,0.4149684640625
1552,0.43287312265625
1553,0.45110388828125
1554,0.47888854140625
1555,0.430942578125
1556,0.4328633765625
1557,0.42360853359375
1558,0.448595465625
1559,0.44482344609375
1560,0.41318758828125
1561,0.45230325859375
1562,0.43452983125
1563,0.43413705234375
1564,0.43284011953125
1565,0.42928335390625
1566,0.44287320234375
1567,0.42992697890625
1568,0.45168626328125
1569,0.44755093046875
1570,0.4385976390625
1571,0.41382483125
1572,0.44860406328125
1573,0.45243804296875
1574,0.47410561640625
1575,0.4392372375
1576,0.4384936734375
1577,0.43546872890625
1578,0.4177042515625
1579,0.4450277296875
1580,0.4036371296875
1581,0.4265741515625
1582,0.4540797046875
1583,0.4674000765625
1584,0.43777924375
1585,0.44444707265625
1586,0.4315440828125
1587,0.4263361
1588,0.41119053671875
1589,0.4245508953125
1590,0.40651579765625
1591,0.45080441875
1592,0.41691476640625
1593,0.44126852890625
1594,0.4112717109375
1595,0.45401178046875
1596,0.40392241484375
1597,0.4375408890625
1598,0.415383746875
1599,0.40324540625
1600,0.435577409375
1601,0.43041791484375
1602,0.411204
1603,0.4277726953125
1604,0.4202034328125
1605,0.44259815234375
1606,0.42760123046875
1607,0.435261246875
1608,0.4395934734375
1609,0.405064353125
1610,0.43714798125
1611,0.4095545953125
1612,0.41586338203125
1613,0.44163573203125
1614,0.4285231578125
1615,0.45643976640625
1616,0.42476692421875
1617,0.411386965625
1618,0.42161554375
1619,0.41006961328125
1620,0.4088624703125
1621,0.39993565390625
1622,0.3867210109375
1623,0.430257121875
1624,0.40219321953125
1625,0.44325378046875
1626,0.381563709375
1627,0.430242209375
1628,0.44140973906250003
1629,0.400649778125
1630,0.4112987421875
1631,0.439842703125
1632,0.4146077625
1633,0.42275734453125
1634,0.45658714296875
1635,0.404755415625
1636,0.4290246625
1637,0.401012440625
1638,0.4521515140625
1639,0.42095720390625
1640,0.4019726671875
1641,0.44510373984375
1642,0.4710973015625
1643,0.4304205484375
1644,0.44267509765625
1645,0.42279620078125
1646,0.4361876859375
1647,0.429694575
1648,0.3860605984375
1649,0.41941906640625
1650,0.42743350859375
1651,0.440446721875
1652,0.44861087109375
1653,0.412617478125
1654,0.436532621875
1655,0.41213228203125
1656,0.4517876765625
1657,0.47028002890625
1658,0.44016977734375
1659,0.42352062890625
1660,0.45466657578125
1661,0.46721017890625
1662,0.474845921875
1663,0.48655716796875
1664,0.45624934609375
1665,0.463579609375
1666,0.4720840078125
1667,0.4928106765625
1668,0.4594736390625
1669,0.43310531875
1670,0.47051631484375
1671,0.4890938796875
1672,0.473952721875
1673,0.471958215625
1674,0.42552326796875
1675,0.4708809546875
1676,0.44711916796875
1677,0.4578082765625
1678,0.46132201328125
1679,0.47171801953125003
1680,0.44921779453125
1681,0.4459154359375
1682,0.48929673984375
1683,0.47491933984375
1684,0.44359140234375
1685,0.42482882734375
1686,0.481945265625
1687,0.44627796953125
1688,0.444269084375
1689,0.48107244609375
1690,0.451324584375
1691,0.44801897109375
1692,0.491971865625
1693,0.46217337578125
1694,0.43788943671874997
1695,0.4453986578125
1696,0.46578117578125
1697,0.4888845046875
1698,0.4335347578125
1699,0.4955019546875
1700,0.43812186015625
1701,0.45720030234375
1702,0.4509507265625
1703,0.45314671093750003
1704,0.41687943046875
1705,0.46635998515625
1706,0.45705175546875
1707,0.44157241328125
1708,0.45947718046875
1709,0.4531687375
1710,0.48284645
1711,0.44356985546875
1712,0.44777581640624997
1713,0.429470978125
1714,0.44236392734375
1715,0.438888525
1716,0.44813346171875
1717,0.4750194296875
1718,0.413767184375
1719,0.467607059375
1720,0.45713580703125
1721,0.47578986875
1722,0.495780553125
1723,0.43118468125
1724,0.476807865625
1725,0.46858464609375
1726,0.446125840625
1727,0.4580031734375
1728,0.472313559375
1729,0.49380020234375
1730,0.45013768125
1731,0.4885773296875
1732,0.50076461953125
1733,0.486305603125
1734,0.489264125
1735,0.42487210703125
1736,0.47378249609375
1737,0.46200754921875
1738,0.46533928984375
1739,0.4725179
1740,0.465363034375
1741,0.4650637234375
1742,0.46110586953125
1743,0.45315547578125
1744,0.4468709921875
1745,0.42111469453125
1746,0.4365938328125
1747,0.4770418625
1748,0.45564773515625
1749,0.43917548046875
1750,0.458472953125
1751,0.4550703125
1752,0.43783545390625
1753,0.47068869140625
1754,0.46950987578125003
1755,0.4804834703125
1756,0.46774319765625
1757,0.50449450546875
1758,0.4967944484375
1759,0.48511684609375
1760,0.50413939609375
1761,0.4730703046875
1762,0.50903006015625
1763,0.46233483046875
1764,0.48971536328125
1765,0.46761952734375
1766,0.5002876125
1767,0.5037679796875
1768,0.48466001171875
1769,0.49613007578125
1770,0.507778621875
1771,0.4674802328125
1772,0.4928437671875
1773,0.4955992421875
1774,0.506043190625
1775,0.48257578046875
1776,0.48059341328125
1777,0.53659433125
1778,0.51062848125
1779,0.4996812890625
1780,0.4982466921875
1781,0.4940876296875
1782,0.48677153671875
1783,0.4859286359375
1784,0.4720022890625
1785,0.47414488515625
1786,0.4777475359375
1787,0.49423632890625
1788,0.5103291984375
1789,0.51528377109375
1790,0.46996311640625
1791,0.501097934375
1792,0.47883670703125003
1793,0.49406186015625
1794,0.5013623703125
1795,0.4809806
1796,0.51179217265625
1797,0.50416127109375
1798,0.5043089281249999
1799,0.54255333671875
1800,0.504142590625
1801,0.52816040390625
1802,0.50072918984375
1803,0.51329524140625
1804,0.47153494765625
1805,0.48398984609375
1806,0.49504130234375
1807,0.4521212703125
1808,0.47517474921875
1809,0.51985591796875
1810,0.49005222578125
1811,0.46992849609375
1812,0.5147309359375
1813,0.49699469375
1814,0.48136782734375
1815,0.496814009375
1816,0.5312136796875
1817,0.51451608203125
1818,0.4695068390625
1819,0.50378535546875
1820,0.48658196328125003
1821,0.482748
1822,0.48305078046875
1823,0.50420976015625
1824,0.5054001609375
1825,0.4985753828125
1826,0.47892240546875
1827,0.5066953015625
1828,0.484964065625
1829,0.5069620640625
1830,0.4485588390625
1831,0.4783655140625
1832,0.51674227578125
1833,0.44434759921875
1834,0.49050519765625
1835,0.49561197734375
1836,0.4840320484375
1837,0.507552240625
1838,0.47560100625
1839,0.502010815625
1840,0.52000912421875
1841,0.48544655234375
1842,0.5081651890625
1843,0.506908759375
1844,0.49120711484375
1845,0.514622521875
1846,0.484053828125
1847,0.5043771140625
1848,0.5062899421875
1849,0.4974513390625
1850,0.5129287578125
1851,0.51488666640625
1852,0.46667663671875
1853,0.49367533125
1854,0.50473376953125
1855,0.4823664015625
1856,0.46538817109375
1857,0.508922159375
1858,0.49018803125
1859,0.51452264375
1860,0.51262587734375
1861,0.502593484375
1862,0.517329578125
1863,0.5057113625
1864,0.51272398828125
1865,0.4851439859375
1866,0.507021178125
1867,0.57091409296875
1868,0.504246303125
1869,0.51665375703125
1870,0.5358901953125
1871,0.5224706984375
1872,0.52783518515625
1873,0.5042472515625
1874,0.52508655390625
1875,0.50819512265625
1876,0.50437235703125
1877,0.48533847265625
1878,0.46788010859375
1879,0.5090995171875
1880,0.523323640625
1881,0.52591257890625
1882,0.50653328671875
1883,0.5198233390625
1884,0.49674537734375
1885,0.5189725671875
1886,0.51724701640625
1887,0.5362659890625
1888,0.4781729078125
1889,0.51658090234375
1890,0.5311794609375
1891,0.5198318140625
1892,0.513522303125
1893,0.51480215546875
1894,0.53680059296875
1895,0.53861496875
1896,0.466493146875
1897,0.492879675
1898,0.50936802734375
1899,0.5023559515625
1900,0.5162726
1901,0.5154828984375
1902,0.51184636796875
1903,0.51977209921875
1904,0.50535967109375
1905,0.54013698515625
1906,0.54963298984375
1907,0.52180437421875
1908,0.53057615859375
1909,0.5394010421875
1910,0.51244691796875
1911,0.520409128125
1912,0.52293143671875
1913,0.5129028953125
1914,0.47678688828125
1915,0.563243590625
1916,0.5366982890625001
1917,0.51290188125
1918,0.537986696875
1919,0.53725925390625
1920,0.53722243984375
1921,0.55527466328125
1922,0.537885171875
1923,0.540702415625
1924,0.5718536515625
1925,0.53010903125
1926,0.52779612421875
1927,0.52591554140625
1928,0.55711031484375
1929,0.53516916796875
1930,0.5541092296875
1931,0.50926312890625
1932,0.5375640890625
1933,0.53991623515625
1934,0.53172148125
1935,0.559192959375
1936,0.5583376296875
1937,0.5912907421875
1938,0.5754391390625
1939,0.53744786328125
1940,0.5376303328125001
1941,0.59285669609375
1942,0.5912087140625
1943,0.5578390953125
1944,0.56124095859375
1945,0.56698575234375
1946,0.54968033125
1947,0.56307495
1948,0.5841144203125
1949,0.55931065078125
1950,0.5878842609375
1951,0.578244809375
1952,0.54784860234375
1953,0.56975591328125
1954,0.5474259046875
1955,0.5543372703125
1956,0.55890022734375
1957,0.56735931484375
1958,0.485266184375
1959,0.57421221640625
1960,0.52671255546875
1961,0.5453946390625
1962,0.54852463203125
1963,0.52152011484375
1964,0.561869284375
1965,0.52964535
1966,0.51912561015625
1967,0.5214704703125
1968,0.53910072109375
1969,0.51340826875
1970,0.543668403125
1971,0.5009487859375
1972,0.551604503125
1973,0.5413555796875
1974,0.5500938921875
1975,0.52406751328125
1976,0.53406033671875
1977,0.5319869421875
1978,0.48527603359375
1979,0.53463566328125
1980,0.5113209359374999
1981,0.541680809375
1982,0.5550087015625
1983,0.5547320515625
1984,0.55307398203125
1985,0.5064803609375
1986,0.55903411953125
1987,0.5174619203125
1988,0.5266187999999999
1989,0.53115269609375
1990,0.57551653125
1991,0.56661311015625
1992,0.53971160625
1993,0.5085591953125
1994,0.56963015625
1995,0.54103611484375
1996,0.5553735078125
1997,0.5524721921875
1998,0.53585669140625
1999,0.52600247265625
2000,0.59059795703125
2001,0.53717769375
2002,0.56365985703125
2003,0.5264459921875
2004,0.57131363515625
2005,0.54120795546875
2006,0.57813523359375
2007,0.57318924453125
2008,0.582526946875
2009,0.59615055703125
2010,0.55595476953125
2011,0.5579171375
2012,0.5406665609375
2013,0.574114003125
2014,0.5660468203125
2015,0.55806528359375
2016,0.5586057140625
2017,0.55027598984375
2018,0.52950824609375
2019,0.5263138234375
2020,0.5628344046875
2021,0.55561163671875
2022,0.5325441453125
2023,0.55784738359375
2024,0.5607109875
2025,0.54890118828125
2026,0.54793352734375
2027,0.5396060859375
2028,0.55913909453125
2029,0.55549969140625
2030,0.55815287890625
2031,0.56449206953125
2032,0.582959125
2033,0.55172714453125
2034,0.56859367734375
2035,0.54761600546875
2036,0.556769546875
2037,0.551325340625
2038,0.58360788984375
2039,0.5657566625
2040,0.56888828671875
2041,0.56089658515625
2042,0.56926248359375
2043,0.55286151953125
2044,0.55465036640625
2045,0.564444153125
2046,0.55788643515625
2047,0.569528734375
2048,0.58622104375
2049,0.57206844765625
2050,0.579268525
2051,0.57989231875
2052,0.5648635078125
2053,0.528455178125
2054,0.56511655390625
2055,0.5193060828125
2056,0.53167450859375
2057,0.531154471875
2058,0.55481569609375
2059,0.56006807890625
2060,0.53227649453125
2061,0.560587759375
2062,0.5411142984375
2063,0.55202390859375
2064,0.53593280703125
2065,0.56609805078125
2066,0.56393846328125
2067,0.5351854609375
2068,0.5695132046875
2069,0.5515132640625
2070,0.56810447890625
2071,0.5723082515625
2072,0.536544465625
2073,0.57734117109375
2074,0.56372461484375
2075,0.5623009265625
2076,0.55908950546875
2077,0.56872543203125
2078,0.5334049
2079,0.5749346828125
2080,0.56041038203125
2081,0.5555697296875
2082,0.5324719296875
2083,0.56793113203125
2084,0.5479080328125
2085,0.519654953125
2086,0.5382585921875
2087,0.54411863828125
2088,0.5483263796875
2089,0.54619236640625
2090,0.54470251015625
2091,0.50833850390625
2092,0.52597120859375
2093,0.564596753125
2094,0.527423603125
2095,0.55153938671875
2096,0.5315453546875
2097,0.5289553765625
2098,0.53436218359375
2099,0.556363525
2100,0.5237980421875
2101,0.5489870921875
2102,0.55437449765625
2103,0.542941334375
2104,0.53858424609375
2105,0.56421498203125
2106,0.5542445265625
2107,0.59091042890625
2108,0.548065484375
2109,0.55000918046875
2110,0.56779013125
2111,0.5662412015625
2112,0.52668341796875
2113,0.56279338203125
2114,0.53960350390625
2115,0.56446818046875
2116,0.551376025
2117,0.539014196875
2118,0.53572397421875
2119,0.51468720859375
2120,0.54381229140625
2121,0.54323671640625
2122,0.5020361921875
2123,0.5426914328125
2124,0.54226898671875
2125,0.53203093671875
2126,0.53631418671875
2127,0.5423326140625
2128,0.54206854921875
2129,0.5287189703125
2130,0.54635258125
2131,0.56352107421875
2132,0.5205851640625
2133,0.53918506953125
2134,0.5279461609375
2135,0.4995651484375
2136,0.55485411484375
2137,0.537560934375
2138,0.56378976875
2139,0.55408683671875
2140,0.5293374671875
2141,0.5459687234375
2142,0.5531184515625
2143,0.56864589453125
2144,0.54716478984375
2145,0.5091079953125
2146,0.52813992734375
2147,0.5489242734374999
2148,0.58190969609375
2149,0.5679390484375
2150,0.56360557890625
2151,0.55611784609375
2152,0.56137743046875
2153,0.52695522578125
2154,0.53197908359375
2155,0.558450296875
2156,0.535152409375
2157,0.55956883671875
2158,0.5637810125
2159,0.5857847953125
2160,0.5361427609375
2161,0.57460380390625
2162,0.54952237578125
2163,0.57401812734375
2164,0.55216075625
2165,0.55909328203125
2166,0.55113438046875
2167,0.5816319984375
2168,0.56764658203125
2169,0.5505546390625
2170,0.56683529375
2171,0.56038324375
2172,0.5455099625
2173,0.5755798609375
2174,0.5502651953125
2175,0.54080204140625
2176,0.5066809984375
2177,0.52041894609375
2178,0.52301081953125
2179,0.5325122718749999
2180,0.54247299296875
2181,0.56307734296875
2182,0.564609446875
2183,0.5512947375
2184,0.51313912265625
2185,0.55547965625
2186,0.528878684375
2187,0.5227975375
2188,0.5482417453125
2189,0.5156688484375
2190,0.5449656625
2191,0.55378470859375
2192,0.54133958125
2193,0.53771191875
2194,0.55866694140625
2195,0.56653316015625
2196,0.57660494453125
2197,0.572006359375
2198,0.5579340375
2199,0.527261240625
2200,0.528330371875
2201,0.550597346875
2202,0.558408740625
2203,0.56954576328125
2204,0.53204663828125
2205,0.55003416640625
2206,0.55341799921875
2207,0.58169362734375
2208,0.51754828984375
2209,0.5630938375
2210,0.55795489453125
2211,0.536751621875
2212,0.54474381171875
2213,0.549020834375
2214,0.56461081953125
2215,0.52867987890625
2216,0.5434293765625
2217,0.5438739125
2218,0.53975821796875
2219,0.5604229421875
2220,0.564897928125
2221,0.5622368265625
2222,0.5569601015625
2223,0.54399217890625
2224,0.56903394375
2225,0.566425915625
2226,0.55894381875
2227,0.5763029703125
2228,0.53944675625
2229,0.5769752140625
2230,0.5516381765625
2231,0.56864290703125
2232,0.5589119875
2233,0.5564668921875
2234,0.55051925859375
2235,0.570031428125
2236,0.5589994109375
2237,0.5444066578125
2238,0.56385728828125
2239,0.57836722734375
2240,0.56322128828125
2241,0.56902841640625
2242,0.5287136046875
2243,0.58437430859375
2244,0.55789898125
2245,0.5487159539062499
2246,0.56456548515625
2247,0.57269799765625
2248,0.55661957421875
2249,0.54556442734375
2250,0.5681503359375
2251,0.57763180078125
2252,0.578262890625
2253,0.595947884375
2254,0.57986828515625
2255,0.55661980390625
2256,0.5469103140625
2257,0.565601475
2258,0.54337392265625
2259,0.55984828671875
2260,0.5782588265625
2261,0.5798256109375
2262,0.582062409375
2263,0.5579333328125
2264,0.57654250078125
2265,0.57291239375
2266,0.58497981484375
2267,0.55096843046875
2268,0.5889120765625
2269,0.5680815890625
2270,0.5811287125
2271,0.58658371171875
2272,0.572512440625
2273,0.58703367421875
2274,0.58043400390625
2275,0.58264325546875
2276,0.58495513203125
2277,0.56690281015625
2278,0.61621793984375
2279,0.575343328125
2280,0.594372321875
2281,0.57111456953125
2282,0.5862811
2283,0.6047351015625
2284,0.5712421828125
2285,0.58909312890625
2286,0.5776559046875
2287,0.6253781875
2288,0.60528561953125
2289,0.57264463671875
2290,0.56879705625
2291,0.58130109609375
2292,0.56612643671875
2293,0.57250551796875
2294,0.56542228984375
2295,0.56240483984375
2296,0.5520905765625
2297,0.56970637421875
2298,0.5914328484375
2299,0.55133651015625
2300,0.555118859375
2301,0.55797866796875
2302,0.59982081328125
2303,0.5704183109375
2304,0.5899172828125
2305,0.57501553515625
2306,0.55163781796875
2307,0.543839728125
2308,0.5589774390625
2309,0.54806257578125
2310,0.5738949765625
2311,0.56254697578125
2312,0.5569424296875
2313,0.5342756578125
2314,0.55089141015625
2315,0.57571615390625
2316,0.5778627375000001
2317,0.54308096015625
2318,0.51207088359375
2319,0.5273427015625
2320,0.5613083
2321,0.5879673453125
2322,0.5893489234375
2323,0.543037303125
2324,0.57942855234375
2325,0.52713895234375
2326,0.55028261328125
2327,0.54177395546875
2328,0.52859505234375
2329,0.4943553734375
2330,0.5491788953125
2331,0.5563221296875
2332,0.55630795234375
2333,0.57427054765625
2334,0.55386388046875
2335,0.55401966640625
2336,0.585351596875
2337,0.565467640625
2338,0.54014048125
2339,0.57431865390625
2340,0.55920581796875
2341,0.56168096015625
2342,0.56545762265625
2343,0.5760921828125
2344,0.52637487734375
2345,0.567562653125
2346,0.5689336046875
2347,0.5661756328125
2348,0.56441026640625
2349,0.564781571875
2350,0.5619681734375
2351,0.5614502609375
2352,0.55852656015625
2353,0.56478818125
2354,0.57556446953125
2355,0.57654180546875
2356,0.56455256640625
2357,0.5770720515625
2358,0.5841157078125
2359,0.58357618359375
2360,0.59587764140625
2361,0.54745646328125
2362,0.56576682578125
2363,0.5255989765625
2364,0.544007315625
2365,0.5568415546875
2366,0.584364075
2367,0.590127178125
2368,0.5194215953125
2369,0.56245775625
2370,0.57444991640625
2371,0.564830253125
2372,0.5614131078125
2373,0.52225066171875
2374,0.58365153515625
2375,0.57927789453125
2376,0.5444415640625
2377,0.56770269375
2378,0.55248564921875
2379,0.57673876796875
2380,0.57796496875
2381,0.54644623046875
2382,0.58696686328125
2383,0.56308094140625
2384,0.56327514765625
2385,0.58529401171875
2386,0.57930931171875
2387,0.59814355078125
2388,0.57369266875
2389,0.5497640375
2390,0.573867021875
2391,0.55312240234375
2392,0.5891769859375
2393,0.57090850859375
2394,0.55233805703125
2395,0.56140719375
2396,0.55872243828125
2397,0.56409825
2398,0.5676938375
2399,0.5874783828125
2400,0.5713670921875
2401,0.59971891015625
2402,0.58435072109375
2403,0.59496906015625
2404,0.5946269515625
2405,0.5881102109375
2406,0.59081918046875
2407,0.56722844765625
2408,0.58066706796875
2409,0.58365686015625
2410,0.56645434921875
2411,0.5911702953125
2412,0.58240744296875
2413,0.58761579375
2414,0.582830978125
2415,0.602107046875
2416,0.6154483875
2417,0.5814699296875
2418,0.57127229453125
2419,0.60066959765625
2420,0.5951454453125
2421,0.55548969296875
2422,0.5585879609375
2423,0.5602439421875
2424,0.53958033125
2425,0.5466644234375
2426,0.59471676015625
2427,0.5653429140625
2428,0.60263491484375
2429,0.578183303125
2430,0.59062754296875
2431,0.6077156640625
2432,0.59153963515625
2433,0.58091897890625
2434,0.57152503515625
2435,0.566160734375
2436,0.5762957140625
2437,0.58235513671875
2438,0.5641748921875
2439,0.60107918515625
2440,0.57804350703125
2441,0.60443952421875
2442,0.5777157203125
2443,0.6063611953125
2444,0.5708037359375
2445,0.5844274953125
2446,0.6012648046875
2447,0.5673559109375
2448,0.564713215625
2449,0.59494187734375
2450,0.5982075859375
2451,0.59378973359375
2452,0.589672909375
2453,0.5712743859375
2454,0.582825115625
2455,0.60135318125
2456,0.5534016046875
2457,0.5614252234375
2458,0.567449559375
2459,0.57676395859375
2460,0.56101569140625
2461,0.574571653125
2462,0.5746168796875
2463,0.56809284453125
2464,0.55377829453125
2465,0.56122768359375
2466,0.5905426203125
2467,0.580785125
2468,0.58916108203125
2469,0.60140380625
2470,0.5792768265625
2471,0.572487303125
2472,0.58972503828125
2473,0.568465571875
2474,0.5774787828125
2475,0.57578104765625
2476,0.57354801640625
2477,0.5917441195312501
2478,0.58416306640625
2479,0.56963371640625
2480,0.5747108359374999
2481,0.552959115625
2482,0.55784594140625
2483,0.5641652765625
2484,0.5772029546875
2485,0.56249417109375
2486,0.55751630078125
2487,0.562405034375
2488,0.568744690625
2489,0.578715784375
2490,0.550330075
2491,0.51264598671875
2492,0.54185228828125
2493,0.55138130390625
2494,0.53653926484375
2495,0.53569564609375
2496,0.5276855234375
2497,0.5217705484375
2498,0.53320678125
2499,0.49366503828125
2500,0.53036889375
2501,0.5340756453125
2502,0.5214717078125
2503,0.5530302390625
2504,0.48016815078125
2505,0.5253027179687499
2506,0.5246227546875
2507,0.53070132109375
2508,0.560021634375
2509,0.53024599921875
2510,0.55364413828125
2511,0.512626125
2512,0.51413684375
2513,0.53218986875
2514,0.51923534609375
2515,0.5614217203125
2516,0.5487316328125
2517,0.5214545265625
2518,0.55472767734375
2519,0.561733696875
2520,0.566251146875
2521,0.54156032578125
2522,0.5373212390625
2523,0.57734401875
2524,0.56876787734375
2525,0.59807920390625
2526,0.557218059375
2527,0.55783118125
2528,0.5435859234375
2529,0.54867046796875
2530,0.57418333671875
2531,0.56225193046875
2532,0.5456292671875
2533,0.5570645953125
2534,0.53930440625
2535,0.56724772265625
2536,0.574021584375
2537,0.56339422578125
2538,0.5998179703125001
2539,0.5800294109375
2540,0.55973425078125
2541,0.58412168515625
2542,0.5675632140625
2543,0.59535406015625
2544,0.56540431015625
2545,0.5896987046875
2546,0.57845576875
2547,0.59598470078125
2548,0.5623384765625
2549,0.58672795859375
2550,0.5696579078125
2551,0.57978244140625
2552,0.58493140703125
2553,0.58312102578125
2554,0.58024885703125
2555,0.57433643828125
2556,0.55887885703125
2557,0.5765645875
2558,0.55314597890625
2559,0.5819836015625
2560,0.55681210859375
2561,0.575945959375
2562,0.58574131171875
2563,0.5728601453125
2564,0.60451862890625
2565,0.5855146015625
2566,0.5879936484375
2567,0.5518597562499999
2568,0.567882284375
2569,0.56558971875
2570,0.5866357703125
2571,0.614542559375
2572,0.56606121875
2573,0.5723488515625
2574,0.59338727265625
2575,0.57410774921875
2576,0.5623855703125
2577,0.5934289671875
2578,0.5670772296875
2579,0.603774609375
2580,0.5927563296875
2581,0.60069475859375
2582,0.55801817109375
2583,0.57542191640625
2584,0.57494545
2585,0.59209692890625
2586,0.569237840625
2587,0.56414206171875
2588,0.5759618765625
2589,0.60709161171875
2590,0.576337946875
2591,0.540471103125
2592,0.578456446875
2593,0.5799177828125
2594,0.57125859765625
2595,0.58436527109375
2596,0.588952828125
2597,0.58142139453125
2598,0.6047642921875
2599,0.5834855421875
2600,0.58475540546875
2601,0.59232435234375
2602,0.58536990078125
2603,0.59278310703125
2604,0.58862618359375
2605,0.59600579453125
2606,0.5773889421875
2607,0.586442096875
2608,0.59641701953125
2609,0.58061061953125
2610,0.54650488515625
2611,0.59523246953125
2612,0.58976293828125
2613,0.59227199453125
2614,0.57042661875
2615,0.554507975
2616,0.57612086640625
2617,0.57818950546875
2618,0.5476389953125
2619,0.53693946953125
2620,0.57132933828125
2621,0.5938803015625
2622,0.57605472578125
2623,0.53389776015625
2624,0.56434090234375
2625,0.5845947929687499
2626,0.610477721875
2627,0.53862056484375
2628,0.568282590625
2629,0.59370634609375
2630,0.57304879375
2631,0.58938178046875
2632,0.612167009375
2633,0.5997916015625
2634,0.5824872953125
2635,0.601480809375
2636,0.61279069609375
2637,0.59224003984375
2638,0.603040475
2639,0.59017507421875
2640,0.5710940984375
2641,0.60244783203125
2642,0.5795126375
2643,0.584412028125
2644,0.5922727515625
2645,0.6001313046875
2646,0.579011303125
2647,0.5767142609375
2648,0.6151964796875
2649,0.5794584953125
2650,0.55354448046875
2651,0.57717963828125
2652,0.59014048828125
2653,0.59660736484375
2654,0.6019273484375
2655,0.60518745390625
2656,0.59446896171875
2657,0.60142386015625
2658,0.583880990625
2659,0.6010451171875
2660,0.59359438828125
2661,0.59226161015625
2662,0.5994809375
2663,0.5761869015625
2664,0.5985676125
2665,0.5713169765625
2666,0.60734294765625
2667,0.5949407234375
2668,0.60727216015625
2669,0.56945191953125
2670,0.5832291609375
2671,0.57296131796875
2672,0.5823513796875
2673,0.57151048984375
2674,0.59617191171875
2675,0.60919797890625
2676,0.538528784375
2677,0.55966786796875
2678,0.5965042109375001
2679,0.56164371796875
2680,0.54774125234375
2681,0.57037358671875
2682,0.59822038359375
2683,0.57720720234375
2684,0.59380428125
2685,0.56990097578125
2686,0.62409373203125
2687,0.58615367890625
2688,0.62201841015625
2689,0.61479577734375
2690,0.61851233203125
2691,0.57373723125
2692,0.61349088828125
2693,0.58947794296875
2694,0.60740755
2695,0.60649604453125
2696,0.60812765390625
2697,0.61392401015625
2698,0.5670481
2699,0.59753149375
2700,0.59650753359375
2701,0.60315937265625
2702,0.5826829984375
2703,0.5976060328125
2704,0.58461727578125
2705,0.60917158203125
2706,0.6052744859375
2707,0.60405661640625
2708,0.5888487609375
2709,0.598842453125
2710,0.58468065234375
2711,0.5997918734375
2712,0.60474243125
2713,0.5896064359375
2714,0.6033276375
2715,0.5712682578125
2716,0.57330733203125
2717,0.58565912734375
2718,0.60759452890625
2719,0.5849614265625
2720,0.62493528984375
2721,0.59475565078125
2722,0.596379096875
2723,0.5985597859375
2724,0.591656171875
2725,0.61517164609375
2726,0.59315757421875
2727,0.610007646875
2728,0.58296075859375
2729,0.6060563109375
2730,0.59714063359375
2731,0.6017070265625
2732,0.5883617421875
2733,0.5996984421875
2734,0.60571764609375
2735,0.602091140625
2736,0.5926707109375
2737,0.584535140625
2738,0.6271218703125
2739,0.589956215625
2740,0.6393300765625
2741,0.581099465625
2742,0.563762503125
2743,0.58224380390625
2744,0.564635371875
2745,0.57916894453125
2746,0.57525703046875
2747,0.56905363515625
2748,0.57651695390625
2749,0.58906088515625
2750,0.5533649875
2751,0.58807871953125
2752,0.5895346203125
2753,0.568268784375
2754,0.5528281390625
2755,0.5830282015625
2756,0.57388323515625
2757,0.5855822203125
2758,0.5930732453124999
2759,0.57061532890625
2760,0.591382271875
2761,0.5991571953125
2762,0.57714219140625
2763,0.57586376484375
2764,0.5812004734375
2765,0.60597515078125
2766,0.596888575
2767,0.58245296953125
2768,0.5756598921875
2769,0.58310911953125
2770,0.54637531328125
2771,0.5671519359375
2772,0.58447956953125
2773,0.58047216953125
2774,0.5928176765625
2775,0.56824438828125
2776,0.57573065859375
2777,0.57173634140625
2778,0.5887840125
2779,0.5662831515625
2780,0.54557664375
2781,0.57510441484375
2782,0.5813356515625
2783,0.55205684453125
2784,0.5740131890625
2785,0.59067486953125
2786,0.54536461015625
2787,0.5595130875
2788,0.58792028359375
2789,0.5753358875
2790,0.56828515
2791,0.55696762890625
2792,0.5589870765625
2793,0.56432863359375
2794,0.54444367578125
2795,0.56386511875
2796,0.5802018171875
2797,0.5360563234375
2798,0.54477043828125
2799,0.57576293984375
2800,0.5401923109375
2801,0.58156055625
2802,0.5909597140625
2803,0.57199126953125
2804,0.5750322101562501
2805,0.58763206015625
2806,0.56774141015625
2807,0.59952582734375
2808,0.570478575
2809,0.57942548828125
2810,0.585723253125
2811,0.57296581328125
2812,0.5977865515625
2813,0.5943385890625
2814,0.5698737
2815,0.59977488203125
2816,0.59174989609375
2817,0.58848787421875
2818,0.5999680281249999
2819,0.595410409375
2820,0.568634734375
2821,0.5811847664062499
2822,0.561252746875
2823,0.57546762578125
2824,0.580111225
2825,0.60555171953125
2826,0.57426797109375
2827,0.5931374125
2828,0.6081399734375
2829,0.6203919703125
2830,0.5981042828125
2831,0.613273134375
2832,0.5730544875
2833,0.58659661875
2834,0.587376415625
2835,0.595541875
2836,0.608657121875
2837,0.6050748296875
2838,0.60943645546875
2839,0.590275525
2840,0.6134800421875
2841,0.6155015875
2842,0.573441053125
2843,0.59054256328125
2844,0.585800646875
2845,0.60254844140625
2846,0.569696996875
2847,0.59937301328125
2848,0.58373349296875
2849,0.5742983484375
2850,0.59474432265625
2851,0.58616843359375
2852,0.60871844375
2853,0.5816753765625
2854,0.60109693515625
2855,0.6079160140625
2856,0.5911029203125
2857,0.61754422265625
2858,0.603891403125
2859,0.6153792578125
2860,0.6204625140625
2861,0.58886536953125
2862,0.5841188375
2863,0.62679287890625
2864,0.5980699921875
2865,0.6206323421875
2866,0.60023105390625
2867,0.60700717421875
2868,0.58378391171875
2869,0.60360823046875
2870,0.57441981015625
2871,0.599735134375
2872,0.619551665625
2873,0.587785221875
2874,0.5808572015625
2875,0.59375110703125
2876,0.5863797734375
2877,0.6114010859375
2878,0.53433878671875
2879,0.5655815765625
2880,0.6062024257812499
2881,0.574714953125
2882,0.6049740390625
2883,0.59061529609375
2884,0.5927079046875
2885,0.58109106015625
2886,0.59830051015625
2887,0.55736995625
2888,0.57648468125
2889,0.56379182421875
2890,0.59074666328125
2891,0.59679064296875
2892,0.579685659375
2893,0.6128649
2894,0.605366703125
2895,0.5694755734375
2896,0.58668300546875
2897,0.61154572265625
2898,0.58731723828125
2899,0.58943378515625
2900,0.57416036640625
2901,0.57704245859375
2902,0.57227082265625
2903,0.561162596875
2904,0.56555318828125
2905,0.53579537890625
2906,0.54143619765625
2907,0.55008775
2908,0.54781706875
2909,0.58772201875
2910,0.55303706328125
2911,0.5663041265625
2912,0.57278447265625
2913,0.58512565390625
2914,0.57428197265625
2915,0.5663746140625
2916,0.5530865953125
2917,0.580938984375
2918,0.5755409828125
2919,0.588959365625
2920,0.5788511953125
2921,0.56289477578125
2922,0.56922466484375
2923,0.60908410546875
2924,0.5521879859375
2925,0.59126212109375
2926,0.58943581640625
2927,0.586298325
2928,0.595464440625
2929,0.58989831953125
2930,0.57584267265625
2931,0.60454462578125
2932,0.60033791875
2933,0.583131621875
2934,0.58845710546875
2935,0.5726807359375
2936,0.58216891015625
2937,0.58484361328125
2938,0.6214602671875
2939,0.591556703125
2940,0.5998087
2941,0.574791459375
2942,0.5756016609375
2943,0.603805534375
2944,0.58561725625
2945,0.58676643359375
2946,0.60167596875
2947,0.59705816953125
2948,0.59472019140625
2949,0.60380140546875
2950,0.5892062515625
2951,0.58136964296875
2952,0.58370496015625
2953,0.58378102265625
2954,0.59049066171875
2955,0.58470742734375
2956,0.56987300703125
2957,0.58923947265625
2958,0.605747734375
2959,0.5877639945312501
2960,0.57647383046875
2961,0.53492725703125
2962,0.5943473125
2963,0.57644860625
2964,0.6030190078125
2965,0.55732361171875
2966,0.59390047109375
2967,0.5778833703125
2968,0.56396199609375
2969,0.55924048984375
2970,0.58385124609375
2971,0.58910563828125
2972,0.59725156953125
2973,0.57561085625
2974,0.58518671484375
2975,0.59154916875
2976,0.5706234390625
2977,0.56501959453125
2978,0.5760348421875
2979,0.55910000859375
2980,0.57160693046875
2981,0.61181564609375
2982,0.57236591953125
2983,0.59341098984375
2984,0.6031376171875
2985,0.585883596875
2986,0.606102275
2987,0.58053540546875
2988,0.57730886875
2989,0.6119170765625
2990,0.602807159375
2991,0.59245758125
2992,0.6087409125
2993,0.5900004585937499
2994,0.5944815875
2995,0.6119451125
2996,0.5985759859375
2997,0.5950949546875
2998,0.6067034328124999
2999,0.55701370234375
3000,0.57964603203125
